system_id,latitude,longitude,elevation_m,azimuth,tilt,dc_capacity_kW,mean_power_generation_kW,performance_ratio
10000,44.914573,-93.162525,288.7918701,180.0,33.0,5.85,0.9402185859438008,0.16072112580235912
10001,39.483937,-76.301594,51.22254181,180.0,20.0,3.36,0.9209258357638955,0.2740850701678261
10003,40.346434,-76.423645,145.1507721,180.0,35.0,11.04,3.251636659691928,0.29453230613151526
10005,33.198982,-97.150581,207.6394348,180.0,19.0,15.665,3.438071516943988,0.2194747217966159
10010,45.136089,-88.010933,202.5121918,180.0,35.0,12.192,3.8444555169639836,0.3153260758664685
10012,40.889911,-75.1112,190.1212769,180.0,0.0,7.524,1.9874093157019836,0.26414265227299094
10013,37.231378,-121.874925,66.50632477,180.0,26.0,4.56,1.4251209153368767,0.3125265165212449
10014,37.358162,-119.679978,761.8326416,180.0,27.5,6.0,2.4487159914053924,0.4081193319008987
10017,40.006855,-75.802725,169.7474365,180.0,30.0,7.2,1.7525078082965737,0.243403862263413
10018,37.777208,-121.955399,191.3871155,180.0,1.0,5.04,2.1358200640264733,0.42377382222747484
10019,39.798127,-105.226237,1803.02417,180.0,1.0,7.82,2.439424450598561,0.31194686069035304
10020,33.754828,-117.769851,88.27826691,135.0,23.0,6.525,1.7690150774781657,0.27111342183573417
10021,40.706246,-111.85657,1340.021851,180.0,26.1,6.72,2.161246264645241,0.32161402747697043
10022,33.739571,-117.78618,47.76081467,135.0,23.0,6.525,1.7700608873927852,0.27127369921728506
10024,30.216108,-97.85828,236.9563904,135.0,32.0,7.7,1.83958873302458,0.23890762766552986
10025,43.160857,-78.68756,194.4611359,180.0,35.0,17.625,4.743389977289589,0.26912850934976396
10026,40.543354,-74.3587,36.85355377,180.0,25.0,8.28,2.011468592871142,0.2429309894771911
10027,38.819863,-77.05854,9.946813583,90.0,42.0,4.7,0.9136184170360451,0.1943868972417117
10028,19.70932,-155.096467,82.58058929,225.0,0.0,3.84,0.9561051485187843,0.24898571576010006
10029,40.206057,-75.66107,105.7484665,180.0,30.0,11.04,2.747924109702745,0.24890616935713272
10030,42.583436,-71.0982,40.09022141,225.0,30.0,4.6,0.9035971274724182,0.19643415814617787
10031,39.440152,-84.22175,234.6027832,180.0,30.0,4.8,0.9860989366697911,0.20543727847287316
10032,33.053092,-117.26855,107.1267166,270.0,4.0,3.24,1.0497909109731887,0.3240095404238236
10033,33.213309,-117.21474,163.9241791,180.0,22.0,4.41,1.5801705468288687,0.35831531674124006
10034,42.907903,-76.301451,335.4976501,180.0,18.0,4.41,1.0668203004651142,0.24190936518483314
10035,37.34901,-122.262354,379.9378967,180.0,21.0,9.408,3.6410653193609024,0.3870179973810483
10036,39.317735,-84.24728,215.3039398,180.0,33.0,1.92,0.23843803321787133,0.12418647563430799
10038,44.985792,-92.96532,327.1618347,180.0,45.0,2.544,0.6272815328968606,0.24657292959782257
10040,42.457201,-71.37478,38.37024689,135.0,43.0,8.325,1.9425776441154288,0.23334265995380526
10041,34.639682,-120.4471,33.97042084,225.0,30.0,4.08,1.3463329865097013,0.3299835751249268
10042,40.411102,-74.23767,13.39910316,135.0,0.0,10.81,2.033673879351738,0.18812894351079906
10043,40.737132,-111.86044,1318.316284,270.0,1.0,5.5,2.202952138989243,0.40053675254349874
10044,38.588301,-88.03692,156.0935516,180.0,32.0,11.04,3.0348779487541924,0.274898364923387
10045,40.7143,-73.55527,23.0485878,90.0,26.0,7.41,1.809110749509428,0.2441445006085598
10046,41.823502,-73.773153,87.94309998,135.0,31.0,8.82,1.9108670230289533,0.21665158991257974
10047,40.041472,-77.197073,301.7223206,225.0,18.0,4.6,1.1142250663425508,0.2422228405092502
10048,39.543274,-76.59298,142.8658142,180.0,30.0,10.0,2.56121662816362,0.256121662816362
10049,40.385051,-120.597199,1257.569092,180.0,35.0,6.58,2.8796891950108696,0.4376427348040835
10050,34.049789,-84.38539,336.6459656,225.0,10.0,3.76,1.6060570684153923,0.42714283734451924
10051,19.625495,-155.01121,46.67282486,135.0,0.0,4.59,1.3880740262754823,0.30241264189008327
10053,45.511033,-122.794381,86.27246857,225.0,20.0,6.58,1.503196725438744,0.22844935037062977
10055,34.401608,-119.310759,123.694046,180.0,0.0,7.75,1.5751831304245427,0.20324943618381197
10056,40.153144,-88.142158,215.8578644,180.0,34.0,11.28,3.370066520547865,0.2987647624599171
10058,41.823502,-73.773165,88.03699493,135.0,31.0,8.1,1.910940642684998,0.23591859786234542
10059,42.501345,-71.07132,28.54839897,180.0,40.0,6.9,1.7604455841143682,0.2551370411759954
10060,37.889125,-122.29371,19.32143974,180.0,21.0,2.25,0.8170081087676774,0.36311471500785664
10063,37.295092,-121.89649,42.72908783,225.0,0.0,6.902,2.0245136767871172,0.2933227581551894
10064,42.659936,-70.61727,1.32654357,180.0,12.0,4.32,1.1043813968638148,0.25564384186662376
10067,33.852449,-117.732192,261.3201599,135.0,22.0,6.24,1.995624230594304,0.31981157541575383
10068,37.296355,-121.917905,48.4643364,180.0,16.0,3.675,0.8946402335746864,0.24343951934005073
10069,37.256743,-121.92312,69.19603729,270.0,20.0,5.0,1.6191862910391666,0.3238372582078333
10070,38.22309,-86.86155,168.7596588,180.0,22.5,4.41,1.266815146297051,0.28725967036214306
10071,40.275042,-120.523978,1479.807739,180.0,33.5,5.355,1.9425702935245326,0.36275822474781183
10072,40.515645,-74.85319,48.90737915,180.0,24.0,6.12,1.84101519790451,0.30081947678178267
10073,20.889294,-156.50497,92.2096405,180.0,0.0,8.64,2.557669190380232,0.29602652666437873
10075,34.033564,-117.03776,818.6390991,180.0,15.0,6.375,2.2013419727962744,0.3453085447523568
10076,40.595359,-77.5774,151.9619598,180.0,40.7,7.05,1.5527384511119444,0.2202465888102049
10077,39.012404,-94.21156,246.6464996,180.0,35.0,5.76,1.9304619078628815,0.3351496367817503
10078,38.891257,-76.989082,26.1155777,225.0,15.0,6.48,1.2767332814898424,0.19702674097065467
10079,36.864488,-119.625961,133.1977692,180.0,24.0,6.0,2.0932160363886316,0.34886933939810527
10080,41.664582,-87.84378,200.9579926,180.0,0.0,12.9,3.435062250705618,0.26628389540353625
10081,39.279498,-77.651917,133.2598267,180.0,37.0,4.4,0.8442201971341754,0.1918682266214035
10082,41.618754,-70.867667,1.819200993,225.0,16.5,3.536,0.9608756947210193,0.271740863891691
10083,21.284,-157.79925,61.62408829,90.0,0.0,4.59,1.7051794327810925,0.37149878709827727
10085,32.714084,-97.455784,220.5956421,180.0,34.0,6.72,1.9472138116505768,0.28976396006705013
10086,27.091783,-82.44846,4.389044762,180.0,0.0,9.4,2.6240590425464574,0.2791552172921763
10087,21.2946,-157.69721,0.63196522,0.0,1.0,4.335,1.397178072954662,0.32230174693302466
10088,33.081421,-96.88957,176.6570892,180.0,32.5,2.5,0.7520052489319731,0.30080209957278925
10089,44.726517,-92.86147,240.9161987,180.0,40.0,14.4,4.517240977456398,0.3136972901011387
10090,39.131705,-77.14981,133.0422821,135.0,18.0,24.605,4.500525647933346,0.18291102003386894
10092,32.216326,-110.88511,783.0465698,180.0,30.0,4.725,2.0003159547068763,0.4233472920014553
10093,44.444429,-73.018273,98.47660065,180.0,30.0,6.3,1.1263446861082822,0.17878487081083844
10094,42.318695,-71.42344,57.64004517,135.0,23.0,6.37,1.1980960317603908,0.1880841494129342
10095,47.55318,-122.37593,114.2790909,180.0,40.0,4.8,1.2163661161532198,0.2534096075319208
10096,40.49762,-105.053886,1491.451904,180.0,28.0,5.5,1.6924222853951427,0.3077131427991169
10098,34.232003,-118.24753,507.0137939,135.0,4.0,1.806,0.4632055113589937,0.25648145700940955
10099,42.196144,-71.76272,129.1191864,180.0,26.0,4.14,0.9752703603871236,0.2355725508181458
10101,40.742901,-73.67895,33.91693497,180.0,41.0,4.864,1.25029192604593,0.25705014926931125
10102,38.88106,-76.983248,19.32886505,225.0,0.0,4.935,1.1568049740419368,0.23440830274406016
10103,36.04347,-85.094842,585.9217529,180.0,26.5,4.998,1.2418392811897438,0.24846724313520285
10104,38.684324,-121.06879,243.4949341,180.0,23.0,6.11,2.052495817188732,0.3359240289997925
10105,27.966602,-80.650309,8.121357918,315.0,0.0,6.72,1.2045744849395126,0.17925215549695128
10106,34.290657,-118.536841,422.4050903,180.0,21.0,5.04,1.7789707688453078,0.3529703906439103
10107,21.406393,-157.807548,39.99716949,270.0,0.0,10.8,2.450758182187861,0.2269220539062834
10108,20.813777,-156.294501,849.3543701,225.0,12.0,8.16,2.952839958722438,0.36186764200029875
10109,37.057575,-122.01507,229.5130768,180.0,34.0,5.88,1.8620272722850912,0.3166713048103897
10111,33.639994,-117.60351,282.7453613,225.0,22.0,7.68,2.3072529321774318,0.3004235588772698
10112,37.198875,-121.84287,111.6747589,135.0,26.0,6.0,1.7589810474875467,0.2931635079145911
10114,37.35115,-120.6056,47.00376129,180.0,0.0,3.06,1.016699646878609,0.3322547865616369
10116,35.078246,-106.61747,1577.90918,180.0,12.0,2.4,0.8239464278248214,0.3433110115936756
10117,37.856926,-122.25084,79.42542267,270.0,0.0,4.8,1.3469844008077183,0.2806217501682747
10118,33.179587,-117.24461,125.1211853,270.0,1.0,3.924,1.2726141511352402,0.32431553290908266
10119,40.503746,-111.96327,1380.822632,270.0,30.0,10.29,2.501383104008247,0.24308873702704054
10120,30.811453,-93.116972,49.79487228,180.0,30.0,4.8,1.2912389174149062,0.26900810779477213
10121,42.862193,-73.96317,140.2158508,180.0,0.0,4.25,1.2257699119304326,0.28841644986598414
10122,38.819297,-89.9551,163.3718872,135.0,25.0,5.635,1.594710430530355,0.28300096371434874
10125,40.719249,-73.35829,13.76091576,180.0,21.75,9.88,2.4598714135302036,0.24897483942613394
10128,42.189617,-71.697977,93.57968903,0.0,0.0,6.24,1.5042945392238578,0.2410728428243362
10131,39.885202,-104.88339,1546.370361,180.0,0.0,9.84,2.9641578620151785,0.30123555508284333
10132,40.759156,-82.51118,359.3208618,180.0,45.0,4.928,0.6947108252016434,0.14097216420487893
10133,37.886786,-122.45936,127.8818283,180.0,30.0,7.05,2.528669067250713,0.3586764634398174
10134,32.80225,-117.02431,199.9881897,225.0,9.5,7.44,2.839427310245574,0.3816434556781685
10135,29.87131,-81.29464,0.678874552,180.0,30.0,4.41,1.1797605886679283,0.2675194078612082
10138,38.901811,-76.99097,14.36303139,315.0,0.0,4.14,0.8565311910815693,0.20689159204868823
10139,37.811676,-121.98647,118.557518,225.0,18.0,2.5,1.1230699676311626,0.449227987052465
10140,34.063769,-118.380435,42.90662003,180.0,15.0,6.72,1.6574192841238187,0.24663977442318732
10141,21.338055,-158.02499,10.1350174,180.0,0.0,8.575,3.093479976037569,0.36075568233674277
10142,40.649202,-74.34567,39.07488251,225.0,30.0,6.825,1.3792582678525291,0.20208912349487607
10143,42.20532,-71.162375,56.31416321,180.0,28.0,7.75,1.724028866089893,0.2224553375599862
10146,26.263669,-81.576891,6.42920208,225.0,0.0,10.2,2.7768074280993496,0.27223602236268135
10147,40.33371,-74.58512,28.00676537,180.0,55.0,9.66,1.8524251069368092,0.19176243343031152
10148,44.484038,-73.22126,62.71059036,180.0,23.0,9.31,2.339807882401806,0.2513220067026644
10149,34.469945,-114.27861,301.4727173,180.0,15.0,7.2,3.040065972282008,0.4222313850391678
10150,37.859936,-121.983338,229.5843201,225.0,37.0,9.0,2.4693549468130267,0.2743727718681141
10151,39.9656,-76.17781,162.4112854,180.0,30.0,10.92,2.5595574642863475,0.23439170918373145
10152,41.662281,-73.0482,243.9737091,180.0,45.0,6.3,1.8399477817054197,0.2920552034453047
10153,33.868412,-118.366253,31.27039528,180.0,18.0,4.08,1.1617177951890858,0.28473475372281515
10156,32.788736,-116.90487,0.0,225.0,0.0,3.502,1.2511784902450094,0.3572754112635664
10157,35.106396,-106.57927,0.0,225.0,20.0,3.825,1.3249006968112973,0.34637926714020845
10158,34.481172,-118.42821,0.0,225.0,22.5,5.88,2.0044645538460646,0.3408953322867457
10159,39.504706,-76.57112,0.0,180.0,30.0,7.65,2.3478848705408017,0.3069130549726538
10161,41.56033,-72.33795,0.0,225.0,45.0,7.02,2.126712970696647,0.302950565626303
10162,34.976173,-99.3952,0.0,180.0,25.0,16.33,5.691202988627326,0.34851212422702554
10166,41.492808,-81.687576,0.0,270.0,1.0,5.0,1.1000671038768166,0.22001342077536332
10167,39.174164,-77.674422,0.0,225.0,37.0,56.35,11.52744816816131,0.20456873412886087
10168,43.392935,-70.750133,0.0,180.0,34.0,8.225,2.8640818576065636,0.34821663922268253
10169,39.147128,-92.484962,0.0,180.0,35.0,19.5,5.5356063021623525,0.28387724626473604
10171,42.419496,-71.15635,0.0,135.0,0.0,5.75,1.3494304031257283,0.23468354836969188
10172,35.022523,-80.733357,0.0,90.0,23.0,4.94,1.336137501591708,0.2704731784598599
10173,43.025217,-78.70394,0.0,225.0,0.0,9.4,2.3410394641343863,0.24904675150365813
10175,37.436451,-121.89438,0.0,225.0,20.0,5.0,1.5276652575053276,0.3055330515010655
10176,41.890203,-72.360679,0.0,135.0,30.0,11.04,2.229716658085054,0.2019670885946607
10177,37.592184,-122.04577,0.0,180.0,18.0,3.744,1.0328559378096875,0.27586964150899773
10178,42.287355,-75.972045,0.0,225.0,30.0,8.415,2.141940908527122,0.2545384323858731
10181,40.136203,-76.893352,0.0,180.0,27.0,17.75,4.713811409682212,0.26556683998209646
10182,37.305714,-121.81145,0.0,225.0,30.0,8.75,2.7868885624444735,0.3185015499936541
10183,34.176238,-118.61992,0.0,90.0,23.0,2.25,0.687319844420417,0.30547548640907424
10184,32.814636,-116.904508,0.0,180.0,0.1,10.5,3.1717480434666676,0.3020712422349207
10185,34.208837,-118.87348,0.0,180.0,15.0,7.0,2.073016543656321,0.29614522052233155
10186,46.53932,-108.53775,0.0,180.0,1.0,20.412,6.252717467172198,0.30632556668490096
10187,45.522248,-109.48875,0.0,180.0,34.0,14.28,3.1081884698024895,0.21766025698896987
10188,40.55051,-111.877728,0.0,180.0,26.0,7.65,2.697271602872835,0.352584523251351
10190,40.226302,-111.64439,1386.796753,225.0,30.0,3.57,1.119851937905095,0.3136840162199146
10192,37.269086,-121.912547,55.06858826,225.0,18.0,4.08,1.3229398057178348,0.32424995238182225
10194,38.590652,-90.35168,162.9224243,135.0,23.0,3.055,0.650906556979012,0.213062702775454
10196,37.228594,-121.98396,123.9370117,0.0,18.4,4.42,1.2255140548093433,0.2772656232600324
10197,26.179495,-80.27183,2.772278547,180.0,22.0,4.56,0.9254842804609152,0.20295707904844634
10199,21.459206,-158.0116,211.8657837,225.0,0.0,3.71,1.13535732374108,0.30602623281430724
10200,30.582556,-97.277096,151.7875671,180.0,30.0,10.29,2.872084233169132,0.27911411401060565
10201,42.964915,-71.588423,190.1954498,225.0,34.0,5.808,2.0736716635996943,0.35703713216248184
10203,33.77776,-112.07945,511.4154358,180.0,1.0,22.0,6.548907618853539,0.29767761903879725
10204,43.645603,-89.78104,322.0367126,180.0,45.0,9.45,2.4019719144260083,0.25417692216148235
10205,38.464212,-105.27973,1946.012207,180.0,35.0,8.82,5.7529001174463,0.6522562491435714
10206,42.502113,-71.365424,64.8028183,225.0,1.0,13.78,2.754915249481671,0.19992128080418511
10207,39.146479,-77.72798,170.8453522,180.0,15.0,40.922,9.208469716003053,0.22502491852800582
10208,37.280241,-122.037668,118.5380554,180.0,8.5,8.1,2.028786760459945,0.25046750129135126
10209,32.969472,-97.14486,184.1144867,180.0,40.0,17.0,3.936068868156622,0.23153346283274245
10210,30.329704,-97.8751,251.3063965,225.0,1.0,6.65,1.7234608941746667,0.25916705175558896
10211,38.833563,-76.877743,80.96591187,180.0,30.0,2.0,3.279322560319214,1.639661280159607
10212,34.328499,-118.426913,507.7799072,270.0,22.5,5.0,1.5886817936081437,0.31773635872162875
10213,32.79869,-117.202986,51.08882141,180.0,18.4,3.5,1.2244993000353444,0.3498569428672412
10214,43.002612,-77.86458,209.3417664,180.0,45.0,6.24,1.5697428169316683,0.2515613488672545
10215,37.346241,-121.9846,30.01787186,270.0,18.4,5.1,1.2639618082247055,0.2478356486715109
10216,43.015756,-70.90192,13.45234489,225.0,40.0,7.8,2.0936244351679743,0.2684133891240993
10218,39.400296,-76.44639,55.99781799,135.0,40.0,5.075,1.560125863411555,0.30741396323380393
10219,37.717273,-122.096292,136.0634308,225.0,22.5,1.44,0.45195985110063486,0.31386100770877423
10221,37.66993,-122.049627,157.7383118,180.0,20.0,3.12,0.9783286348193041,0.31356687013439233
10222,32.992547,-117.09434,232.6162415,225.0,22.5,7.8,2.769139182542224,0.35501784391566976
10223,37.107004,-121.648935,101.3553009,225.0,1.0,5.36,1.4889706109834857,0.2777930244372175
10224,42.45384,-73.254,316.1411133,180.0,34.0,4.5,1.1400827846203039,0.2533517299156231
10225,38.628371,-121.32702,0.0,180.0,15.0,8.25,2.348051309196492,0.28461227990260507
10227,33.03505,-96.80492,0.0,135.0,1.0,6.76,1.1616381351840268,0.17183996082603947
10228,40.529278,-105.372014,0.0,180.0,45.0,8.25,3.0475196051405895,0.3693963157746169
10229,38.840074,-106.148571,0.0,180.0,35.0,9.635,2.695703464481555,0.2797824042015106
10232,33.600354,-117.864766,0.0,135.0,20.0,8.19,2.8021392548739334,0.34214154516165246
10233,33.844716,-117.589099,0.0,180.0,14.0,6.5,1.9919366154097151,0.30645178698611003
10234,33.759409,-116.32317,0.0,270.0,5.0,8.0,2.6704489339593582,0.3338061167449198
10236,38.89119,-78.388429,0.0,180.0,18.4,8.97,1.918382177332779,0.21386646347076688
10237,33.097086,-117.1827,0.0,180.0,23.0,4.35,2.8367230046899374,0.652120230963204
10238,35.60089,-82.93536,0.0,180.0,35.0,9.54,2.9420761316050044,0.3083937244868978
10239,34.261221,-118.31887,0.0,225.0,21.0,8.5,2.395286023879877,0.28179835575057377
10242,32.918035,-117.08438,0.0,180.0,25.0,4.25,1.428713878623336,0.3361679714407849
10244,33.024721,-96.74038,0.0,180.0,27.0,4.64,1.2850890666877262,0.27695885057925135
10245,38.753679,-90.535768,159.7158508,180.0,28.0,11.985,2.7531553822606507,0.22971676113981235
10246,30.309255,-97.899819,269.9761963,180.0,30.0,9.0,2.448627160718907,0.272069684524323
10248,48.759079,-122.43597,64.46842194,180.0,30.0,12.0,3.049087371848856,0.254090614320738
10250,33.831636,-116.462459,116.4630356,270.0,30.0,4.73,1.6607035189169346,0.35110010970759714
10253,39.013062,-84.49419,262.0551758,180.0,27.0,1.75,0.42085044555905177,0.24048596889088672
10254,32.744579,-117.132568,105.5882111,180.0,19.0,4.2,1.51530656249726,0.3607872767850619
10255,30.09353,-95.422118,33.26309967,180.0,1.0,6.1,1.4752262908855356,0.24184037555500584
10256,39.745098,-122.184269,75.39565277,180.0,20.0,8.32,2.3979733336684834,0.28821794875823115
10257,39.044509,-76.9133,51.79932022,225.0,34.0,22.89,4.242295760950201,0.18533402188511144
10258,33.794028,-118.07218,7.182063103,180.0,18.5,7.56,2.2644984995131145,0.2995368385599358
10259,39.381295,-77.15867,230.50914,135.0,34.0,13.5,3.842071524275723,0.28459789068709057
10260,42.640813,-73.7856,63.43816757,135.0,22.5,7.2,3.5342178049164543,0.4908635840161742
10261,37.804064,-121.91202,246.7931061,270.0,1.0,11.7,2.65069923297891,0.22655548999819744
10264,47.68382,-122.30122,72.06368256,180.0,12.9,1.5,0.3497257856615478,0.2331505237743652
10265,43.016012,-74.04702,299.8157959,180.0,27.0,8.1,1.3489355369027947,0.16653525146948084
10268,28.295714,-82.61782,15.09505177,225.0,26.0,3.3,0.9479518147372643,0.2872581256779589
10269,37.533538,-122.24602,1.647629261,135.0,1.0,4.55,1.4888744339243725,0.3272251503130489
10270,35.101727,-106.67238,1511.841919,180.0,1.0,4.05,1.3729679061965565,0.3390044212831004
10272,32.856447,-117.21143,101.483963,225.0,27.0,4.2,1.7482088522593706,0.41624020291889774
10273,42.915904,-73.70539,44.59004974,180.0,10.0,112.5,23.12169078902671,0.2055261403469041
10275,34.250459,-119.05317,210.5887756,225.0,15.0,10.0,3.567256205398177,0.3567256205398177
10277,40.765378,-73.45781,46.95667267,225.0,23.0,10.8,2.503434448367134,0.2317994859599198
10279,33.261748,-117.01027,508.2316284,180.0,16.0,8.928,2.9254063548418014,0.3276664823971551
10280,33.054671,-96.73506,207.5513306,270.0,32.0,4.59,1.1835657347684552,0.257857458555219
10281,32.961014,-117.1251,175.5689545,180.0,33.0,5.13,1.9840670428750737,0.38675770816278243
10282,33.086868,-96.74504,218.3148651,0.0,30.0,5.0,1.596829925716872,0.31936598514337444
10283,38.95211,-77.02097,59.87371445,180.0,1.0,3.0,0.8511481936146865,0.28371606453822884
10284,39.539556,-105.009739,1715.113281,135.0,18.5,4.2,1.2135249390284417,0.2889345092924861
10285,47.609222,-122.1155,54.10700989,90.0,18.0,17.885,2.8177943250524775,0.15755070310609323
10286,37.270543,-122.02305,125.7341232,0.0,1.0,6.5,1.7262532608149996,0.2655774247407692
10287,37.72374,-121.447131,21.59389496,180.0,30.0,3.2,1.0881163972909094,0.34003637415340915
10289,42.45644,-83.66673,274.92453,180.0,18.4,8.1,1.6758741933638128,0.2068980485634337
10291,32.899996,-117.20722,103.3576813,0.0,26.0,4.2,1.263328833928214,0.3007925795067176
10292,37.350091,-122.03602,53.89973831,270.0,11.0,4.6,1.2714336525029608,0.27639862010933935
10295,37.951672,-122.07317,15.62925816,225.0,15.0,5.75,2.344644173485987,0.40776420408451947
10297,42.482755,-71.313578,38.56748199,180.0,30.0,6.21,1.214623386325696,0.19559152758867893
10300,47.71828,-122.19702,53.8787384,225.0,1.0,9.99,1.7701615583285393,0.17719334918203597
10301,37.720931,-122.44241,50.7702179,0.0,35.0,4.0,1.0115473439863418,0.25288683599658546
10302,37.451688,-122.18385,23.15234184,225.0,21.0,5.025,1.358783686262346,0.2704047136840489
10303,40.853343,-73.20777,23.82232475,180.0,21.0,8.4,2.5901089003583384,0.30834629766170696
10304,32.960438,-117.166814,109.9640884,270.0,18.0,3.9,1.303123212550857,0.3341341570643223
10305,37.658898,-121.87149,112.1553192,180.0,1.0,9.75,2.87828387509045,0.2952086025733795
10306,30.284511,-81.47043,8.769668579,180.0,26.8,7.56,2.515039631672608,0.33267719995669415
10307,40.728901,-74.26821,64.63539124,180.0,20.0,6.1,1.6206874991081797,0.26568647526363603
10308,32.946776,-117.21918,60.7910614,180.0,22.5,7.92,2.162726324475932,0.27307150561564797
10309,37.527237,-121.9679,13.51549625,225.0,1.0,8.25,2.6146580638058348,0.316928250158283
10311,39.177383,-120.14607,1960.821899,135.0,25.0,6.25,1.8834156189333133,0.30134649902933014
10312,42.48281,-71.313578,38.71563721,180.0,31.0,6.21,1.5581298335167593,0.2509065754455329
10314,38.931312,-76.65248,41.55630112,90.0,35.0,26.6,2.742145055914814,0.1030881599967975
10315,32.866313,-116.965089,159.6876221,180.0,30.0,9.6,3.0719705699643893,0.31999693437129056
10316,33.115157,-117.298608,79.16869354,225.0,18.0,4.8,2.0489528558516383,0.42686517830242465
10318,30.608471,-90.92758,23.25873947,180.0,30.5,7.0,2.0228626540104275,0.28898037914434677
10319,38.808884,-90.85922,198.1597137,225.0,26.5,10.07,2.192033815762928,0.2176796242068449
10322,38.524066,-90.2895,160.2131348,180.0,33.69,6.1,1.6873505201781342,0.27661483937346465
10325,35.474913,-120.676,298.7670593,0.0,1.0,5.565,2.211487766103633,0.3973922311057741
10326,41.086894,-111.9271,1447.435303,180.0,30.0,6.325,1.9246176219053983,0.30428737105223685
10327,28.543025,-81.184531,22.75267982,225.0,28.0,10.0,2.3221773035391196,0.23221773035391197
10328,33.062547,-117.243477,57.66820145,135.0,33.7,4.95,1.5249887240460396,0.308078530110311
10330,42.410783,-71.142445,9.627490997,135.0,1.0,5.565,1.1477905079302253,0.2062516635993217
10331,38.913961,-77.07179,55.01865387,225.0,16.0,6.12,1.1251297153061608,0.18384472472322888
10332,44.509744,-72.995228,192.5014343,180.0,40.0,15.08,3.0584250669361848,0.20281333335120588
10334,42.646942,-71.1513,19.25185776,135.0,1.0,10.2,2.0707824222574804,0.20301788453504713
10336,34.292898,-118.87134,222.0813599,180.0,26.0,6.0,1.4568401273800942,0.24280668789668236
10337,31.766355,-106.29828,1218.856934,135.0,1.0,5.0,1.929645670549196,0.3859291341098392
10338,33.122029,-117.15605,290.0811462,225.0,26.0,6.405,2.2050611057037486,0.3442718353948085
10340,42.092006,-71.54474,109.1096115,225.0,1.0,6.75,1.4942117919534037,0.22136470991902277
10341,33.975263,-118.35558,45.67590714,180.0,24.0,3.29,1.1944853332940415,0.36306545084925274
10344,37.779377,-120.796405,71.87200165,180.0,18.0,7.7,2.582633422107835,0.33540693793608245
10345,21.3307,-157.85913,72.22589111,180.0,0.0,4.485,1.6444398580535515,0.36665325709109287
10346,37.932123,-121.70381,24.3245945,180.0,20.0,6.0,1.9501009096495374,0.3250168182749229
10347,41.725195,-72.83032,80.49641418,180.0,37.0,7.2,1.4797257270251936,0.20551746208683244
10348,38.941594,-76.96369,22.63603592,180.0,1.0,5.985,1.004445047872173,0.16782707566786514
10349,33.628273,-117.631338,277.8401794,180.0,18.5,10.464,2.54040675497479,0.24277587490202504
10351,36.9707,-121.99086,14.86623669,270.0,18.5,5.46,1.3496210480913144,0.2471833421412664
10352,33.900378,-117.857657,105.0033112,180.0,18.43,7.15,2.3601228870963586,0.3300871170764138
10355,43.972505,-70.12291,43.96466446,225.0,30.0,6.72,1.8864613784683129,0.2807234194149275
10356,33.035844,-116.8513,467.0750732,180.0,26.0,14.0,4.20433181518801,0.30030941537057215
10357,32.8595,-116.963952,125.4792709,180.0,18.0,7.2,2.7903659280672697,0.3875508233426763
10358,45.579597,-122.71137,44.41763306,180.0,43.0,2.45,0.4684701606058801,0.19121231045137962
10360,33.096906,-117.225168,165.1265106,225.0,18.0,7.32,2.6248809545892273,0.3585902943427906
10361,37.41159,-119.849546,584.0562744,225.0,38.0,5.88,2.164048193622417,0.36803540707864235
10363,42.880837,-71.18252,91.41226959,180.0,42.0,9.1,2.2154596664494677,0.2434571062032382
10364,33.611272,-117.66681,161.0991974,225.0,15.0,19.5,5.374151011624457,0.2755974877756132
10365,33.615462,-117.64093,213.5056458,90.0,30.0,8.71,2.399844929797819,0.27552754647506533
10366,37.39324,-121.96066,6.409792423,90.0,23.0,5.98,1.8989507164282855,0.31755028702814136
10369,43.080399,-73.77038,95.4152832,135.0,40.0,8.4,1.8147599236875365,0.21604284805804005
10370,20.865115,-156.33158,371.39505,180.0,30.0,7.15,1.9064621958416548,0.26663806934848316
10371,37.299474,-121.75446,165.5743561,225.0,19.0,3.9,1.225274580639947,0.3141729693948582
10372,39.020359,-77.0115,103.0412292,225.0,1.0,2.8,0.6461072969612308,0.23075260605758244
10373,42.169751,-122.61772,614.6245117,180.0,23.0,3.92,1.0840606910236867,0.2765460946488997
10374,32.973645,-117.03701,162.7724609,225.0,27.0,12.0,5.354538518123871,0.44621154317698924
10375,42.496679,-71.27504,43.24970627,180.0,1.0,6.21,1.5361500129365508,0.2473671518416346
10376,32.945021,-117.13526,121.3897934,225.0,23.0,5.775,2.2391566402338254,0.38773275155564074
10377,40.697907,-82.464016,426.6678467,180.0,18.4,6.12,1.5486604933683572,0.2530491002235878
10378,40.6949,-73.65394,17.51904106,180.0,30.0,7.5,1.6260959792392242,0.21681279723189656
10379,43.026284,-78.69304,180.9289093,225.0,33.0,6.12,2.024999841894845,0.33088232710700083
10380,40.38584,-111.73333,1497.346802,180.0,1.0,9.945,3.2647843866621535,0.32828400066989977
10383,37.380207,-122.08787,37.39385223,225.0,10.0,4.59,1.0814253862097014,0.23560465930494584
10384,34.231754,-119.05258,44.74777222,315.0,14.0,10.725,3.0460439901491565,0.28401342565493304
10385,34.265003,-118.77177,244.1563416,0.0,23.0,6.25,4.012410467416174,0.6419856747865879
10386,36.182407,-94.1082,406.3269348,180.0,4.76,25.0,5.797439356343748,0.23189757425374993
10387,42.836245,-71.16246,79.10372162,225.0,37.0,8.4,2.111782222286101,0.2514026455102501
10388,42.196065,-71.43797,76.3049469,225.0,42.0,8.82,2.283689990352392,0.2589217676136499
10394,34.447959,-117.19222,923.5661621,90.0,22.6,7.0,2.5348393478028877,0.36211990682898393
10395,40.637152,-74.37493,43.60865402,135.0,27.0,6.76,1.3677797022212779,0.20233427547652041
10396,45.108581,-93.33988,263.0507202,225.0,22.6,7.54,1.7171508820443993,0.22773884377246675
10397,32.84681,-116.98983,101.5931168,180.0,1.0,4.32,1.5509885306193092,0.35902512282854376
10398,30.340111,-97.98869,265.4246216,225.0,30.3,11.7,3.031059723264696,0.2590649336123672
10400,38.999759,-77.10185,92.503685,225.0,9.5,9.1,1.2967238358329491,0.1424971248168076
10405,41.499202,-81.55434,301.6975403,90.0,40.0,5.2,0.9911118348909685,0.19059842978672473
10411,33.562698,-117.69941,110.2840042,225.0,19.0,7.8,2.657118468340614,0.3406562138898223
10412,33.594521,-117.254781,393.4776306,180.0,17.0,5.232,2.076064879382946,0.3968013913193704
10414,35.834919,-120.98093,326.0670166,45.0,20.0,7.65,3.01107843112217,0.3936050236761006
10415,33.601629,-117.639943,208.2307587,180.0,22.0,5.985,2.0461532072780653,0.34188023513417964
10416,32.949203,-117.110144,162.4620819,135.0,34.0,6.84,2.418679093657097,0.3536080546282306
10417,42.322524,-71.485813,89.1847229,225.0,25.0,8.829,2.259269871626321,0.2558919324528623
10418,33.102384,-117.185253,294.6968384,180.0,22.0,2.1,0.7129952034234011,0.33952152543971476
10419,42.805194,-71.29878,66.7144928,135.0,40.0,7.83,2.0670968019065246,0.26399703728052676
10420,37.257643,-121.89072,57.04691315,180.0,22.0,4.675,1.4400256100312174,0.3080268684558754
10428,32.762956,-116.990114,221.3686066,180.0,23.0,7.32,2.764446219654913,0.37765658738455093
10429,35.643545,-78.83486,136.568985,225.0,1.0,4.68,0.8304212648942615,0.17744044121672256
10431,33.181543,-117.11136,284.0408936,180.0,1.0,3.64,1.2320578998752378,0.33847744502066973
10433,38.622168,-120.849562,557.5874023,180.0,22.62,5.04,1.504993183333651,0.29860975859794664
10434,33.071419,-117.248968,57.95639038,180.0,22.0,5.185,1.6517897015669636,0.3185708199743421
10435,37.562218,-121.99433,18.64838982,270.0,18.5,6.16,1.766343627628935,0.2867440953943076
10436,33.714889,-117.7633,62.85818863,135.0,1.0,6.72,2.1703944918668454,0.3229753708135187
10439,37.43,-122.11,2.335531473,225.0,20.0,8.25,2.499709074673296,0.3029950393543389
10440,37.70719,-122.06153,102.2080688,180.0,1.0,2.805,0.8760326146216906,0.31231109255675243
10442,33.99605,-84.47464,326.074707,180.0,27.0,8.25,2.1131028486852683,0.2561336786285174
10443,42.644953,-70.963074,20.3956089,135.0,32.0,5.4,0.8383863469315145,0.1552567309132434
10444,40.357034,-76.13741,126.5065384,180.0,40.0,12.22,3.2183594330850083,0.2633682023801152
10448,36.687543,-76.22905,6.747202396,225.0,20.13,7.28,2.0523605147573405,0.2819176531260083
10449,32.873849,-116.90477,129.0788422,180.0,23.0,6.3,2.365870197693142,0.37553495201478443
10450,34.211171,-118.19776,439.745575,315.0,14.0,8.84,2.5345288913400883,0.2867114130475213
10451,40.99904,-74.03291,15.31367016,135.0,1.0,8.71,2.0143963644804477,0.23127397984850143
10452,32.976054,-96.696818,191.2928009,180.0,4.0,11.55,4.101809381967177,0.3551350114257296
10456,33.568617,-117.25264,375.4751892,225.0,22.6,6.5,2.310387088578376,0.3554441674735963
10457,39.508177,-76.18066,24.60296631,135.0,1.0,4.76,1.2746249112778445,0.26777834270542955
10458,40.604252,-74.44612,24.44393158,90.0,25.0,5.4,1.1387867065805601,0.21088642714454817
10460,43.289787,-77.79548,87.41612244,180.0,1.0,7.015,1.782332746131654,0.25407451833665773
10461,35.779715,-78.904864,91.44396973,180.0,26.0,5.88,1.7907125523022518,0.3045429510718115
10462,41.886364,-83.69556,208.3437195,180.0,40.0,3.12,1.1547560609689322,0.370114122105427
10464,45.011215,-93.15536,284.3616638,135.0,34.0,6.24,1.3170934296697694,0.211072665011181
10466,32.7991,-116.97334,128.4884338,45.0,2.0,5.7,1.486939195774998,0.260866525574561
10467,37.75735,-121.95213,130.0442047,270.0,18.0,5.04,2.8162878602865975,0.5587872738663884
10468,39.001104,-121.09171,434.1965332,180.0,17.0,13.44,4.543589858680586,0.3380647216280198
10474,32.761801,-117.01273,177.9120636,180.0,1.0,5.5,1.6715293046921407,0.30391441903493466
10475,33.005753,-117.082645,242.9938202,180.0,1.0,3.965,1.5571997873357657,0.39273639024861684
10476,33.705099,-117.721456,132.1817017,180.0,22.0,4.95,1.5443102073041421,0.31198186006144285
10477,37.444879,-122.26253,157.7673645,225.0,18.0,9.0,2.9127454907327843,0.32363838785919824
10478,43.214613,-77.70626,124.6604919,180.0,34.0,5.98,1.0397405644765512,0.1738696596114634
10479,38.797424,-77.39237,104.1178818,180.0,40.0,7.14,1.743899855681366,0.24424367726629778
10480,37.378341,-122.02398,25.17967987,180.0,18.4,3.9,1.3029422829745567,0.334087764865271
10481,38.817993,-121.2631,53.17626572,180.0,30.0,4.42,1.2999010024506203,0.2940952494232173
10482,37.016943,-121.56581,61.07232285,90.0,18.4,6.84,1.7248869371062283,0.25217645279330825
10483,34.865445,-82.02018,226.7446594,225.0,17.0,9.12,2.15421671467567,0.23620797310040245
10485,33.158472,-117.197431,184.9961395,135.0,20.0,5.7,2.0994447192461196,0.36832363495545956
10487,33.758216,-118.36425,380.4529114,270.0,1.0,5.4,1.7540270241546767,0.3248198192879031
10491,41.439784,-90.428,219.0691223,180.0,39.8,7.28,2.097522579434667,0.2881212334388279
10492,32.819123,-116.997464,152.6674957,270.0,15.0,7.93,2.763355915474,0.34846858959319044
10493,34.088808,-118.40612,132.243103,180.0,22.6,5.72,1.9243006313911635,0.3364161942991545
10494,38.768829,-121.33629,38.27200699,180.0,30.0,8.32,2.586897336224092,0.3109251606038572
10495,44.999165,-93.29823,263.4954834,180.0,40.0,7.8,2.097300017744209,0.268884617659514
10496,42.949857,-73.902641,129.059967,180.0,33.0,21.66,5.527585725119872,0.2551978635789415
10499,42.800191,-83.5968,296.5933533,270.0,24.0,8.32,1.593140081448208,0.19148318286637114
10500,36.831723,-119.83198,102.622261,180.0,18.43,7.28,2.195595190315084,0.30159274592240165
10502,35.146144,-106.70851,1560.569946,180.0,1.0,5.0,1.6309238848243097,0.3261847769648619
10503,41.31353,-72.69791,32.95690155,180.0,42.0,15.08,2.795027223129062,0.18534663283349218
10504,37.843726,-122.24369,73.29285431,180.0,14.0,5.52,1.9258237170850845,0.3488811081675878
10505,37.37714,-122.12412,72.63864136,225.0,14.0,10.83,3.755497580670437,0.34676801298896004
10506,36.014586,-78.907996,116.0603638,180.0,38.0,4.675,1.2901964787333173,0.27597785641354383
10507,42.831686,-71.66743,102.2355576,180.0,40.0,11.4,3.247123241972673,0.2848353721028661
10509,42.28693,-75.972054,446.6958008,180.0,25.0,8.16,2.107890794794624,0.25831995034247845
10510,35.635844,-82.55992,654.9104614,180.0,18.4,8.58,2.0638928842317608,0.2405469562041679
10511,33.792687,-117.79975,95.8907547,180.0,18.0,6.71,1.6587944745075494,0.24721229128279423
10512,37.284042,-121.82664,50.73085785,180.0,21.0,7.28,2.166763241078228,0.2976323133349214
10513,41.836665,-72.56076,22.14652443,180.0,19.0,8.84,1.7188772258091611,0.19444312509153408
10514,35.934783,-81.54476,345.43396,135.0,32.0,11.88,2.353515248285278,0.19810734413175737
10516,42.328284,-75.95021,318.7971802,180.0,33.0,16.575,4.090465650581253,0.2467852579536201
10517,32.975992,-117.160806,100.657814,180.0,24.0,7.98,2.8253244779661615,0.354050686461925
10518,43.153969,-93.20037,344.9197388,180.0,1.0,6.71,1.6441204719688898,0.24502540565855288
10519,37.316983,-121.93555,41.46556473,135.0,22.6,7.28,2.0866193357175296,0.2866235351260343
10520,35.956676,-79.01806,96.49390411,135.0,37.0,4.16,1.0702235286551116,0.2572652713113249
10521,42.790736,-70.97286,45.02536011,135.0,34.0,3.27,0.6986120783738166,0.2136428374231855
10523,42.365936,-83.36513,195.5959625,90.0,18.4,8.37,1.5607639397997586,0.18647119949817906
10524,34.276154,-118.54581,367.3594971,180.0,8.0,10.08,3.1925084049055057,0.3167171036612605
10525,41.398462,-73.31474,138.1438293,315.0,34.0,24.525,3.96287572657832,0.1615851468533464
10526,42.439295,-71.23553,105.9509583,135.0,42.0,10.72,2.4909849257338803,0.2323679968035336
10527,33.998751,-117.44695,297.3831482,180.0,12.0,3.9,1.201956916500691,0.3081940811540233
10528,42.683841,-71.11171,57.69936371,0.0,23.0,11.0,2.987672954147834,0.27160663219525766
10529,40.68085,-73.46289,4.631625652,90.0,1.0,6.3,1.612456517499489,0.2559454789681729
10532,38.766341,-77.55578,70.89499664,90.0,27.0,8.75,2.1931804702881643,0.25064919660436163
10534,32.854572,-117.204564,113.7942581,225.0,18.0,3.06,1.0647878590553133,0.34796988858016775
10535,42.488735,-83.13752,197.2435303,225.0,1.0,6.84,1.5745674089464445,0.2301999135886615
10536,32.741256,-117.0951,0.0,225.0,10.0,10.54,3.4250425348665283,0.3249565972359135
10537,32.858727,-97.08453,0.0,180.0,33.7,11.76,3.5097919422228108,0.29845169576724584
10539,29.952305,-90.12347,0.0,135.0,22.0,5.04,0.9375432867401747,0.18602049340082832
10546,33.831866,-112.06339,0.0,225.0,18.0,10.08,3.621461043876605,0.3592719289560124
10551,40.451105,-74.43938,0.0,315.0,15.0,9.76,2.2263312306487366,0.2281077080582722
10552,32.662563,-116.95413,0.0,225.0,1.0,18.0,4.885913477206117,0.27143963762256207
10554,32.761791,-117.146557,0.0,180.0,6.0,7.29,1.9587994872146754,0.26869677465221886
10555,39.688278,-105.14558,0.0,135.0,63.0,10.26,3.313854035102331,0.3229877227195254
10556,42.226889,-71.22929,59.36129761,180.0,24.0,10.005,1.842090942851486,0.18411703576726496
10557,33.841114,-117.750485,248.0,225.0,17.0,4.76,1.5025759182723462,0.31566720972108114
10559,41.053182,-73.77672,61.32685089,180.0,30.0,8.25,1.3646645920934868,0.16541388995072567
10563,41.314075,-111.96366,1405.427002,180.0,18.0,4.675,1.6944770042922044,0.36245497418015066
10564,47.751434,-117.06934,650.6710205,180.0,22.0,11.34,2.6236421672309156,0.23136174314205604
10566,40.689007,-112.6698,1295.244751,180.0,34.0,10.4,3.8794596621036974,0.3730249675099709
10567,38.676103,-121.37656,29.87323761,180.0,20.0,5.98,1.9381298770475102,0.3241019861283462
10569,42.181875,-87.80956,197.5973969,270.0,23.0,7.425,0.9508831949948476,0.12806507676698284
10571,39.0509,-77.12261,115.8744583,135.0,16.0,7.875,1.662399351124538,0.21109833030152864
10575,33.997139,-117.044939,765.7584229,135.0,0.1,4.0,1.2494660550647423,0.31236651376618557
10576,38.245844,-122.101917,15.75713825,180.0,28.5,8.64,2.759026690244549,0.31933179285237834
10578,38.098221,-122.59809,28.96942711,225.0,25.0,3.51,0.8772951177206902,0.24994162898025366
10581,40.744646,-111.81123,1528.723877,90.0,35.0,3.64,0.893698024162787,0.24552143520955685
10582,39.53636,-119.8373,1419.316895,225.0,20.0,3.975,1.2717702162868871,0.3199421927765754
10583,33.650813,-117.81771,38.42378998,135.0,10.0,5.04,1.6326104499702265,0.3239306448353624
10586,32.93302,-117.066871,223.6728516,225.0,24.0,5.5,1.9636619455298003,0.3570294446417819
10588,33.958464,-118.30998,60.05977631,270.0,23.0,6.75,1.7033572650003173,0.2523492244444914
10589,35.200467,-119.17399,88.64964294,180.0,20.0,6.16,2.30354991663233,0.3739529085442094
10590,40.240558,-74.69588,21.27556229,180.0,28.0,11.025,3.006466421154747,0.272695366998163
10594,42.176401,-72.32646,0.0,135.0,20.0,8.37,2.09366075316974,0.25013868018754365
10595,40.636286,-73.6374,0.0,135.0,33.0,14.0,3.916132123467193,0.2797237231047995
10597,38.664824,-121.52061,0.0,225.0,1.0,6.21,1.8477865729310534,0.2975501727747268
10598,36.443322,-93.77474,0.0,180.0,1.0,10.08,2.835863490859354,0.28133566377572955
10599,34.029112,-118.3183,46.27072525,225.0,20.0,8.99,2.878630737020675,0.3202036414928448
10600,33.697268,-111.88321,619.5249023,180.0,15.0,39.06,13.407449940128966,0.3432526866392464
10602,33.975267,-117.72305,223.9647369,270.0,22.6,2.52,0.8120735245119501,0.3222513986158532
10605,45.010632,-93.01845,293.8922119,180.0,1.0,40.0,5.848147223027661,0.14620368057569152
10606,44.539036,-92.53637,316.1326294,0.0,1.0,20.0,4.762128862013505,0.23810644310067525
10609,34.313088,-118.402347,428.7182617,270.0,14.0,8.32,2.6210372864774367,0.3150285200093073
10611,44.989065,-93.10666,264.2255554,180.0,1.0,9.9,2.5520643135936973,0.25778427410037347
10612,45.019315,-93.24304,274.5914307,180.0,1.0,40.0,10.018481836039754,0.25046204590099386
10614,35.847788,-78.70161,100.6715317,180.0,21.0,2.65,0.5744074871274023,0.2167575423122273
10617,39.897287,-77.52006,304.025116,0.0,30.0,7.685,1.7304579656867276,0.22517345031707584
10621,40.311246,-75.594,83.00963593,225.0,16.0,10.92,2.86499548633325,0.2623622240231914
10622,33.195354,-117.28232,103.2752991,180.0,16.0,2.5,0.9874932431909687,0.39499729727638744
10627,40.280454,-111.6491,1458.372559,180.0,1.0,11.2,2.0909822293045957,0.18669484190219604
10630,38.977362,-77.34658,129.8691711,180.0,33.5,9.625,2.093486024312158,0.21750504148697747
10631,44.52789,-123.2791,72.13011169,270.0,17.0,4.24,0.931363503354017,0.2196612036212304
10632,41.01002,-73.75158,82.27545166,225.0,22.0,15.66,3.6449070019482406,0.23275268211674588
10633,44.693805,-73.04099,0.0,225.0,31.0,5.025,1.0682636117495918,0.21258977348250582
10634,38.375397,-81.62367,0.0,225.0,25.0,4.24,0.930905028496128,0.21955307275852073
10636,36.359226,-119.318343,0.0,225.0,16.0,8.32,2.570413881369892,0.30894397612618896
10637,34.277648,-118.50047,0.0,180.0,19.0,11.772,4.199469910194942,0.356733767430763
10640,40.923748,-73.99879,0.0,90.0,20.0,10.85,2.66114959052486,0.24526724336634656
10641,42.880481,-71.38205,0.0,225.0,24.0,5.3,1.2658962671715799,0.2388483522965245
10643,39.395387,-119.72735,0.0,135.0,20.0,7.685,2.8405522217118775,0.3696229306066204
10645,38.509569,-122.3539,0.0,180.0,26.0,4.2,1.462115290664941,0.34812268825355736
10646,42.15243,-70.8205,0.0,225.0,40.0,24.96,4.115550669861024,0.16488584414507307
10647,41.480881,-81.80036,0.0,270.0,27.0,6.095,1.2353374117450393,0.20268046131994083
10649,41.011324,-73.84152,0.0,180.0,1.0,7.56,1.9548156853984096,0.258573503359578
10650,32.294508,-110.884167,0.0,225.0,20.0,10.8,4.489660044064767,0.4157092633393302
10652,33.997179,-118.40145,9.956918716,180.0,17.0,4.8,1.7327659831742395,0.3609929131612999
10653,42.049312,-72.551802,45.13833618,180.0,22.0,8.505,1.8723441682505644,0.2201462866843697
10654,40.278086,-111.71067,1421.363525,180.0,25.0,6.3,2.2650433307537003,0.3595306874212223
10657,46.175479,-119.262823,277.1871948,180.0,45.0,14.64,3.7412548191433403,0.2555501925644358
10659,42.240033,-70.999878,18.34610176,135.0,40.0,14.04,3.270705092507177,0.23295620317002685
10660,39.200035,-119.72732,1445.572876,180.0,27.0,10.865,3.730557136421581,0.34335546584644094
10661,37.781875,-122.290602,4.334996223,180.0,30.0,5.67,1.8539102974506925,0.32696830642869357
10662,35.989303,-115.257648,801.5690918,0.0,1.0,9.88,4.076087936225238,0.412559507715105
10664,34.253866,-118.752458,284.5342407,90.0,35.0,8.4,2.62364828699564,0.3123390817851952
10665,37.754403,-122.45325,232.6021118,180.0,23.0,3.42,1.227395170521318,0.3588874767606193
10666,37.269343,-121.84939,48.01668549,270.0,25.0,6.71,1.9852681115117001,0.29586708070219075
10668,35.529895,-82.70449,689.7992554,180.0,30.0,6.72,1.3326787112948302,0.19831528441887356
10669,32.85788,-116.948114,115.0258942,270.0,10.0,13.08,4.220827225336523,0.32269321294621733
10671,38.438161,-122.67419,67.30606079,225.0,27.0,4.48,1.4013734656449017,0.3128065771528798
10674,32.721632,-97.14698,174.3613434,225.0,27.0,3.18,0.5603128136871212,0.17619899801481798
10675,37.674431,-122.08883,28.16016006,0.0,20.0,6.72,1.4529840063085513,0.21621785808162966
10676,33.383801,-117.238359,250.4340515,180.0,15.0,13.92,4.789465997388797,0.34407083314574693
10677,42.416247,-71.00525,3.341784716,135.0,30.0,17.755,4.370555098080596,0.2461591156339395
10680,33.90213,-118.00966,43.98319244,225.0,22.0,8.96,3.017167748671213,0.33673747194991216
10681,40.41836,-86.81847,201.8924103,180.0,18.0,11.66,3.266663510646061,0.2801598208101253
10683,32.803799,-117.13595,122.9790573,225.0,26.0,3.6,0.9894266216414364,0.2748407282337323
10684,37.676995,-120.938429,33.02929688,180.0,21.0,11.4,3.6947101087433096,0.3240973779599394
10686,30.450122,-97.623,214.975174,315.0,28.0,11.118,3.0685038574208363,0.2759942307448135
10690,38.922478,-77.2566,127.741394,180.0,35.0,11.52,3.355292876071478,0.2912580621589825
10692,34.256952,-118.28453,589.1504517,90.0,11.0,5.67,1.48072083949268,0.2611500598752522
10693,37.892476,-122.47541,60.09486008,180.0,0.0,9.6,3.2552182164350256,0.3390852308786485
10694,34.164255,-118.54472,253.2916412,135.0,20.0,8.04,2.407568635302499,0.29944883523662924
10695,33.873759,-117.439964,358.1047974,180.0,23.0,12.48,4.596518047186602,0.3683107409604649
10696,38.299904,-90.30833,130.5682983,180.0,35.0,14.31,3.7489205990912033,0.26197907750462635
10697,37.322031,-121.850327,34.32526016,135.0,20.0,5.355,1.718888925569323,0.3209876611707419
10703,33.764691,-117.762319,129.9826508,135.0,20.0,5.76,1.5972249662146,0.27729600107892366
10705,33.170284,-117.285754,63.58420563,135.0,10.0,26.28,8.670456546285397,0.3299260481843758
10707,34.384663,-118.58704,479.76474,225.0,22.0,12.06,3.6288265817501584,0.3008977265132801
10708,43.38382,-123.53031,88.0,180.0,22.0,23.37,5.895086817697918,0.25225018475386896
10709,41.894676,-70.61999,43.04094696,225.0,23.0,11.66,2.613414117922734,0.2241350015371127
10710,41.2863,-82.21935,247.1768036,180.0,25.0,5.83,1.4200111901044323,0.24356967240213248
10717,40.449171,-74.84979,73.7766571,180.0,40.0,8.48,2.320191110242879,0.27360744224562256
10723,26.056111,-80.36373,1.483494043,270.0,18.0,8.64,2.4178370153898254,0.27984224715160017
10724,37.499175,-122.26655,37.24048615,225.0,16.0,5.175,1.739641625004133,0.3361626328510402
10730,42.436875,-71.77333,165.1942139,180.0,35.0,9.6,2.80237270206854,0.2919138231321396
10732,40.018814,-83.00894,245.341568,180.0,16.0,3.42,0.6764461189028821,0.19779126283710002
10733,33.542806,-112.084484,360.5365295,180.0,18.0,10.08,3.613620720452596,0.35849411909251944
10735,40.693538,-73.73574,17.31574821,135.0,45.0,4.2,0.8793769385474981,0.2093754615589281
10738,39.379382,-75.03923,0.64348346,225.0,20.0,7.65,1.710730639997346,0.223624920261091
10742,36.857765,-119.707831,115.1024323,180.0,0.0,9.1,3.35690419484393,0.36889057086197036
10744,41.116162,-74.07556,190.6907043,180.0,28.0,9.45,2.172313943624827,0.22987449138887062
10747,37.226194,-121.76514,68.41919708,135.0,26.0,6.72,2.1405111781095654,0.31852844912344724
10753,32.937354,-117.125658,90.21492004,180.0,21.0,7.68,2.5714182978636053,0.33482009086765696
10754,33.034586,-80.18599,25.73914719,90.0,4.0,19.44,2.861440255668721,0.14719342878954325
10756,40.460547,-79.951682,288.0899963,135.0,34.0,1.855,0.4455955310268731,0.24021322427324696
10757,41.99215,-88.30609,237.4832764,180.0,45.0,5.5,1.5305416342456923,0.27828029713558045
10758,42.278247,-71.23388,48.27561188,90.0,28.0,7.84,1.328366734285156,0.16943453243433113
10760,32.897459,-96.5497,141.2517548,180.0,1.0,5.3,1.6381332185880642,0.3090817393562385
10762,38.951397,-121.173062,275.5755615,180.0,22.0,15.36,5.655053882695333,0.36816757048797744
10767,37.554335,-122.27032,0.419999987,225.0,1.0,4.8,1.2632490154764737,0.2631768782242654
10774,33.673468,-118.00243,0.0,135.0,23.0,5.49,1.8144014824541745,0.33049207330677133
10775,34.018361,-117.85438,0.0,135.0,18.0,7.0,1.8823946364743378,0.26891351949633396
10777,39.567987,-78.22783,0.0,225.0,10.0,64.41,12.472473741251525,0.19364188388839507
10779,33.570763,-117.63463,0.0,90.0,20.0,4.48,1.1332821442301257,0.2529647643370816
10780,39.178737,-77.19564,0.0,180.0,1.0,5.415,1.136674600481533,0.2099122069217974
10781,29.674336,-95.48123,0.0,90.0,26.0,13.86,3.2462534037770303,0.23421741729993004
10782,33.941363,-117.99477,0.0,0.0,1.0,4.48,1.4192567150519306,0.3167983738955202
10790,39.434479,-77.81132,0.0,180.0,20.0,31.5,7.760149427470665,0.24635395007843383
10791,44.499082,-68.85667,0.0,180.0,1.0,14.4,4.395913285551347,0.30527175594106576
10793,42.530288,-114.47509,0.0,135.0,1.0,7.41,2.5140987395430603,0.3392845802352308
10795,39.272324,-77.77982,0.0,180.0,25.0,24.3,4.978039074064158,0.20485757506436864
10796,42.558576,-71.17031,0.0,180.0,34.0,9.3,2.5813875646840074,0.27756855534236635
10797,33.142706,-117.03049,0.0,225.0,20.0,5.76,2.0426213930223556,0.35462176962193676
10800,35.311112,-82.60288,0.0,135.0,30.0,5.2,1.1949560435064719,0.22979923913585998
10801,39.633946,-77.73025,0.0,180.0,30.0,24.7,6.100388321701447,0.24697928427941082
10802,41.667689,-70.4168,0.0,225.0,30.0,12.6,2.6602893427459273,0.21113407482110536
10803,41.439363,-120.58771,0.0,180.0,27.0,2.75,0.971434420671286,0.353248880244104
10804,34.153628,-118.43222,195.2886353,180.0,15.0,5.67,0.5119068997661456,0.09028340383882638
10806,42.451945,-71.14276,11.76059055,135.0,39.0,10.35,2.6475242889599824,0.25579944820869394
10808,28.425221,-81.30353,26.42727852,0.0,21.0,18.24,5.208188884097619,0.2855366712772818
10814,40.990032,-74.31023,96.2301712,180.0,36.0,11.07,2.5069908511699124,0.2264671048933977
10815,39.535285,-87.35222,148.8011169,180.0,25.0,7.975,2.2425720564472567,0.281200257861725
10817,33.581533,-117.72474,127.6264801,270.0,20.0,6.08,2.0650181753117254,0.339641147255218
10819,26.200486,-98.003295,25.87424088,180.0,20.0,9.6,2.058008741745502,0.2143759105984898
10821,37.289642,-121.98311,71.53981018,180.0,1.0,3.36,1.1077344378596927,0.32968286841062283
10822,43.666218,-116.292434,793.9783936,270.0,22.0,5.415,1.0778559007385116,0.1990500278372136
10823,40.042957,-75.53221,110.1309586,225.0,32.0,13.75,2.815367229853087,0.20475398035295178
10824,34.142119,-79.74311,27.18987656,180.0,38.0,7.425,1.3893538686746274,0.187118366151465
10825,33.167183,-117.290716,75.38074493,225.0,17.0,3.99,1.5077294155150218,0.37787704649499293
10826,32.249551,-110.8878,753.5637817,180.0,17.0,10.2,3.7239419828897775,0.3650923512637037
10829,39.963322,-105.15053,1652.250977,225.0,27.0,4.709,1.3220018904596367,0.28073941186231405
10831,39.109988,-77.829799,209.0714264,225.0,40.0,12.3,3.217435803943007,0.26158014666203305
10835,41.778888,-72.52384,70.31060791,225.0,23.0,10.325,2.570473400857952,0.24895626158430528
10837,41.351421,-72.396647,32.99946976,180.0,30.0,15.75,4.032536779096867,0.25603408121249954
10838,41.144661,-81.61948,302.1829224,270.0,33.0,8.25,1.3710309626973989,0.16618557123604835
10839,33.16156,-97.10376,191.6848145,270.0,31.0,9.35,1.3543902567428396,0.1448545729136727
10840,38.231364,-122.05414,2.373281479,90.0,23.0,7.0,2.07918311512028,0.29702615930289716
10843,27.826864,-81.53291,40.88606644,180.0,30.0,10.71,2.551537671641524,0.23823881154449333
10844,33.40992,-117.598067,62.06851959,225.0,20.0,6.3,1.8113869977449717,0.28752174567380506
10847,43.031491,-71.19598,55.7895813,180.0,45.0,14.79,3.025846628145104,0.20458733117952022
10848,38.549256,-121.73655,16.64908218,90.0,35.0,8.0,2.058682385941166,0.2573352982426457
10851,35.599177,-117.68065,713.2717896,180.0,18.0,4.48,1.9401668781357735,0.43307296386959226
10854,43.416335,-84.22384,195.5683441,180.0,21.0,5.225,1.093344729956081,0.20925257989590068
10856,40.336508,-74.43302,31.76063919,180.0,20.0,12.21,2.731270356257788,0.2236912658687787
10857,43.829382,-91.33919,201.9550323,180.0,19.0,9.075,2.197518424873449,0.24215079061966382
10858,32.500532,-99.69803,508.8392334,180.0,15.0,5.6,1.9524648839106475,0.3486544435554728
10862,40.532354,-105.0535,1519.733032,180.0,45.0,9.57,2.385611825594904,0.2492802325595511
10867,34.259052,-118.59426,302.6547241,180.0,24.0,6.27,2.7763485203277574,0.4427988070698178
10869,38.789165,-121.23825,74.95598602,0.0,1.0,9.81,3.337722195934481,0.34023671722064025
10870,34.002333,-118.03562,156.2836761,225.0,19.0,5.51,1.6725064132758944,0.3035401838976215
10871,41.126476,-112.04427,1360.59729,270.0,1.0,7.56,2.1531132947461438,0.28480334586589207
10874,42.266805,-83.72297,268.1486511,180.0,40.0,9.8,2.1009641681604214,0.21438409879187972
10880,40.596977,-74.879347,72.70033264,180.0,35.0,8.96,2.683440537197378,0.2994911313836359
10884,33.73297,-117.76932,54.09402847,225.0,20.0,6.4,2.224591754514205,0.3475924616428445
10887,33.687407,-117.663295,279.6602783,180.0,23.0,6.6,2.5423675364489355,0.385207202492263
10891,30.518975,-97.71439,234.7697296,270.0,22.0,8.25,2.400812984516172,0.2910076344868087
10895,33.212203,-96.67522,182.014389,180.0,1.0,9.315,3.0992415902632233,0.33271514656610024
10896,38.625217,-89.912488,174.3751373,135.0,27.0,14.0,3.551059659542097,0.2536471185387212
10897,37.294648,-120.47474,53.50553131,270.0,30.0,6.96,2.153378794679086,0.3093935049826273
10904,41.751566,-74.09475,53.95652771,180.0,45.0,15.696,3.4374559712091695,0.2190020369017055
10908,37.756264,-121.912452,145.8135681,135.0,25.0,4.06,1.416208298529878,0.3488197779630242
10909,42.10979,-88.04917,228.0310059,225.0,42.0,12.375,2.7570974671085526,0.22279575491786283
10911,42.609887,-71.55722,144.9421234,180.0,36.0,9.24,2.6927095550939546,0.29141878301882623
10912,37.917774,-122.30426,39.22325897,0.0,26.6,12.76,3.482726706923846,0.2729409644924644
10914,36.736946,-119.663985,102.3552628,180.0,22.0,4.96,1.7728264243472711,0.35742468232807884
10918,33.708843,-116.90948,748.8760986,135.0,21.0,4.64,1.7771621369449537,0.3830090812381366
10919,37.992124,-121.71328,7.643465996,225.0,22.0,8.4,2.5206468522014496,0.30007700621445826
10920,33.807761,-116.46473,107.2034454,180.0,25.0,6.7,2.6643163978500097,0.3976591638582104
10921,36.753177,-119.69703,99.6831665,180.0,18.4,7.8,1.888559912277188,0.24212306567656255
10929,33.828766,-118.31367,19.76005173,270.0,20.0,7.15,2.4313733102238424,0.3400522112201178
10932,37.904173,-121.591426,1.663255811,180.0,22.0,4.64,1.572911473328931,0.33898954166571793
10936,39.849474,-86.20448,231.8958282,135.0,30.0,8.235,1.4093298264149465,0.1711390196010864
10937,38.481674,-89.79432,128.6225281,225.0,38.0,17.4,4.77065823273216,0.2741757605018483
10946,32.638654,-117.06686,38.25269318,180.0,15.0,8.875,2.5240694299338178,0.2844021892883175
10947,38.743811,-121.19013,100.4325027,315.0,1.0,6.93,1.4187330766409292,0.20472338768267379
10952,41.893624,-87.969483,207.8708038,180.0,15.0,5.46,1.261609248795877,0.23106396498092985
10954,39.453833,-104.885409,1991.817749,225.0,23.0,9.81,2.3144743209927574,0.23593010407673368
10956,33.786805,-84.437,294.3322144,135.0,20.0,5.695,1.2606541275387626,0.22136156760996709
10960,28.233671,-82.45463,24.39520645,225.0,27.0,7.8,2.707287542811066,0.34708814651423925
10961,30.501272,-97.83087,287.877655,180.0,24.5,5.559,1.4224000369496625,0.25587336516453724
10965,42.682965,-70.84007,9.023736,180.0,1.0,9.92,2.1581136184275524,0.21755177605116457
10975,34.050764,-117.25327,348.822876,180.0,24.0,5.525,1.366135241219523,0.2472642970533073
10977,43.824885,-70.75038,164.6963043,270.0,21.0,15.08,5.716118172066443,0.37905292918212485
10979,37.865026,-122.2859,24.01389885,270.0,19.0,3.72,1.3640852665247203,0.3666895877754624
10980,29.681426,-82.41502,65.92708588,180.0,20.0,20.805,5.72494044790165,0.2751713745686926
10982,28.076744,-82.76116,15.63630867,225.0,1.0,11.6,3.3849974417867026,0.29181012429195713
10986,37.75838,-122.48478,78.10027313,180.0,1.0,5.94,2.100122975410887,0.35355605646647925
10991,43.571132,-116.365387,811.5775146,180.0,1.0,6.51,1.6974716367132292,0.26074833129235475
10992,43.735335,-72.29086,232.2063904,225.0,30.0,10.64,2.4372605946764296,0.2290658453643261
10996,32.979561,-117.069939,195.8531494,135.0,18.0,5.015,1.3778655567255877,0.27474886475086496
10998,40.561598,-111.96088,1394.142578,135.0,1.0,12.54,3.7837201638370646,0.30173207048142464
11000,32.794449,-117.07221,107.9978714,270.0,1.0,5.886,2.0347411744938517,0.3456916708280414
11002,41.001695,-74.10239,38.00658798,135.0,1.0,10.2,1.8283854488310325,0.17925347537559144
11005,39.119917,-77.77328,170.5119019,180.0,33.0,13.2,3.7769640074229365,0.28613363692598004
11009,45.186232,-93.29635,267.7267761,180.0,33.0,20.16,4.458080126598228,0.22113492691459463
11010,42.151526,-71.42315,68.2845993,180.0,1.0,10.23,2.542038752663932,0.24848863662404025
11012,39.00035,-77.379178,94.49714661,180.0,1.0,9.1,2.228961235939733,0.24494079515821243
11014,30.195424,-85.66458,10.84387398,0.0,33.0,13.725,3.8137644400431148,0.2778699045568754
11019,44.485577,-73.221464,63.53614044,180.0,30.0,5.22,1.5739309780083168,0.30151934444603773
11020,39.902851,-74.16037,17.7617569,180.0,16.0,7.25,2.143584966888394,0.29566689198460605
11021,46.297139,-119.35457,177.7925568,225.0,20.0,12.0,3.45212870317594,0.2876773919313283
11023,35.178543,-80.85375,204.6776886,180.0,1.0,7.8,1.798468113903168,0.23057283511579077
11025,37.986418,-79.503338,453.5697021,180.0,32.0,14.04,3.243457980361961,0.23101552566680636
11030,33.329994,-117.176283,0.0,135.0,25.0,5.28,2.044455598117223,0.38720749964341344
11031,34.538622,-117.17729,0.0,135.0,1.0,11.6,4.096524340572929,0.3531486500493904
11032,37.74873,-122.41545,0.0,180.0,25.0,4.2,1.3963229562070727,0.3324578467159697
11033,41.629413,-71.18724,0.0,135.0,26.0,8.125,2.358799425516306,0.2903137754481607
11034,37.998912,-122.11501,0.0,180.0,1.0,4.27,1.3033234823345787,0.3052279818113768
11035,41.140896,-73.35178,0.0,180.0,26.0,12.395,3.2446526046607844,0.26177108549098704
11037,37.722279,-122.15702,0.0,135.0,17.0,8.05,2.2082582590574034,0.27431779615619917
11038,39.125776,-76.51863,0.0,0.0,1.0,19.5,3.8358982970801967,0.19671273318359983
11039,42.370837,-83.4856,0.0,180.0,30.0,5.015,1.4431685345343275,0.2877703957197064
11041,29.412338,-98.70484,0.0,180.0,21.0,9.0,2.5767216319094315,0.2863024035454924
11043,38.697238,-121.80944,0.0,90.0,1.0,5.795,1.557798902609952,0.2688177571371789
11050,37.244426,-121.83246,0.0,180.0,18.43,3.685,1.3295399323797714,0.3607978106865051
11051,39.595115,-104.7485,0.0,0.0,1.0,7.83,3.0716881836975154,0.3922973414683928
11052,39.774341,-105.10036,0.0,225.0,10.0,9.72,2.1762467729467394,0.22389370092044641
11053,41.854953,-91.599775,0.0,180.0,28.0,13.6,3.843322985454975,0.2825972783422776
11061,38.74785,-90.30258,0.0,180.0,1.0,13.02,3.0122938674722817,0.231358975996335
11062,32.944359,-117.125658,0.0,225.0,23.0,6.03,1.8704192653246694,0.31018561614007784
11063,47.808816,-122.28394,0.0,180.0,1.0,9.15,1.8668889673495452,0.20403158113109784
11064,33.022051,-96.43601,0.0,180.0,15.0,11.025,2.927857687716503,0.26556532314888914
11065,40.338552,-111.7162,0.0,180.0,1.0,12.95,3.6656757396411237,0.2830637636788513
11070,34.277681,-118.661539,0.0,135.0,1.0,7.59,2.3874875580876083,0.3145569905253766
11072,42.220447,-71.53418,0.0,270.0,0.0,10.23,2.5760370634761727,0.251812029665315
11075,40.335398,-104.91477,0.0,90.0,1.0,4.02,1.188098421868654,0.29554687111160555
11077,39.853813,-74.938535,0.0,135.0,32.0,9.57,2.0285566597235034,0.21197039286556985
11080,42.409445,-88.17822,0.0,0.0,1.0,13.2,2.7786057880495916,0.21050043848860545
11081,34.789884,-82.56459,0.0,225.0,35.0,12.6,3.2487513028798505,0.2578374049904643
11082,37.405699,-119.56754,0.0,180.0,27.0,14.08,3.7405825513428907,0.2656663743851485
11086,44.388556,-73.22318,47.15219498,270.0,35.0,16.2,3.009538215898364,0.18577396394434348
11088,27.847802,-82.31799,17.78811455,180.0,14.0,16.425,5.427882876157246,0.33046471087715346
11090,35.920341,-78.741822,160.6242828,90.0,34.0,10.08,2.3774003666145895,0.2358532109736696
11092,39.380857,-104.89947,1956.115112,180.0,21.0,7.2,2.567727172455466,0.35662877395214804
11095,40.050109,-85.99815,238.2736664,180.0,30.0,16.5,4.15084372365145,0.2515662862819061
11097,28.094144,-81.48395,32.10251236,180.0,1.0,6.0,2.1300738914735655,0.35501231524559423
11098,37.728417,-121.42399,23.71044159,270.0,22.0,4.8,2.3290888009367405,0.4852268335284876
11103,33.957957,-117.24833,521.7298584,180.0,22.0,6.6,2.365027079170827,0.3583374362380041
11106,37.899882,-122.171089,282.1653748,135.0,12.0,7.0,1.7301049015566463,0.2471578430795209
11107,29.735832,-82.39008,57.46416855,135.0,25.0,6.54,1.6165150936442978,0.2471735617193116
11108,42.664042,-71.163842,46.13029861,135.0,20.0,10.72,2.663569299751594,0.24846728542458899
11111,39.741385,-74.99035,49.87175369,180.0,35.0,7.68,1.952742154829305,0.25426330141006576
11112,43.480704,-70.45871,37.5055542,225.0,1.0,10.89,2.5613335669250583,0.23520051119605676
11113,34.114558,-118.19233,201.4619904,180.0,13.0,6.93,2.305117988481695,0.3326288583667669
11114,37.612173,-89.17587,217.138855,180.0,30.0,8.99,1.966240295260247,0.21871415965075047
11119,32.77518,-116.935789,205.7167816,225.0,18.4,4.64,2.7925930860696453,0.601851958204665
11120,42.399546,-71.12165,16.62836838,90.0,1.0,8.4,2.191239853955883,0.2608618873757003
11121,42.223482,-83.63316,231.5009155,180.0,38.0,31.5,7.782153845688536,0.2470525030377313
11122,35.927901,-114.972061,735.1297607,0.0,1.0,7.92,2.8517586249476947,0.3600705334529918
11125,36.865587,-119.75917,114.619133,180.0,1.0,8.32,1.975603518471877,0.2374523459701775
11126,33.91355,-117.46052,229.0709991,90.0,1.0,9.9,1.8446307700586462,0.18632634040996426
11127,42.380562,-71.62665,92.37439728,180.0,22.0,7.35,1.4399382066784425,0.1959099600923051
11130,47.57487,-122.39392,95.78107452,180.0,1.0,9.49,2.0490626360742894,0.2159180859930758
11131,42.423882,-71.51086,63.25919724,180.0,37.0,11.52,2.0928070122389686,0.18166727536796604
11135,44.915413,-93.48443,289.8036194,180.0,41.0,9.66,2.0553173240025244,0.21276576853028203
11138,39.349642,-77.221369,191.4464264,180.0,23.0,9.69,3.16544787171014,0.32667160698763054
11154,33.479868,-111.6935,456.3597717,180.0,18.0,7.2,2.520612771759134,0.35008510718876856
11159,38.484843,-84.61017,289.4132996,180.0,30.0,7.92,2.2704542766959834,0.2866735197848464
11162,34.063645,-117.89743,148.1028137,225.0,1.0,13.2,4.1346011084976375,0.3132273567043665
11166,38.778243,-77.18562,80.17028809,180.0,23.0,9.315,2.7599076071472353,0.2962863775788766
11174,40.749224,-96.64566,381.9703369,180.0,32.0,4.96,1.0803399010528643,0.21781046392194844
11177,38.874979,-77.11455,81.4278183,180.0,10.0,6.468,1.5419636911469579,0.2383988390765241
11182,35.921662,-78.45805,132.3275299,180.0,1.0,12.16,2.861353019100752,0.23530863643920658
11187,43.497685,-112.07391,1440.546631,180.0,2.0,17.75,4.715225774741294,0.26564652252063625
11188,26.246151,-98.229157,35.92782974,180.0,21.0,9.81,2.5534101945546794,0.26028646223798974
11189,32.292078,-110.84384,885.7758179,180.0,23.0,10.15,2.7206080578377154,0.26804020274263207
11191,40.695865,-73.809298,13.62664223,135.0,23.0,5.61,1.4019701619223324,0.24990555470986314
11194,40.953126,-74.03379,23.11308861,225.0,27.0,5.6,1.2502145222659877,0.22325259326178354
11195,33.657722,-112.17825,389.8482971,270.0,33.0,15.925,5.291087339064404,0.33225038235883225
11200,38.931479,-77.40085,114.9908066,180.0,27.0,4.9,1.0893459528757685,0.2223155005868915
11207,37.816876,-121.28541,4.032899857,180.0,1.0,4.56,2.415681591481316,0.5297547349739729
11208,42.64857,-71.503392,72.65623474,180.0,1.0,12.6,1.9600479819104137,0.15555936364368364
11209,41.84036,-89.31176,238.0054016,180.0,44.0,12.76,3.6851354394157285,0.28880371782254927
11210,28.308979,-81.37594,26.50663757,135.0,1.0,15.3,4.453960834751367,0.291108551290939
11216,33.45053,-79.59233,10.18576145,180.0,30.0,3.6,1.0119576680888815,0.2810993522469115
11217,41.945681,-87.7048,180.14151,180.0,35.0,6.27,1.3802172324286093,0.22013034010025667
11220,26.246103,-98.228889,35.97434998,180.0,21.0,8.829,2.3238903086982394,0.2632110441384346
11225,42.3697,-71.30259,66.84721375,135.0,30.0,14.49,2.617770365609721,0.18066048071840723
11229,34.558425,-112.527871,1811.194214,180.0,15.0,9.38,3.5293474780149787,0.3762630573576736
11230,39.138978,-77.54519,79.80809021,180.0,34.0,7.75,2.5732902932160195,0.33203745718916383
11234,26.150863,-80.27284,2.259013653,180.0,1.0,11.05,2.0225534530229607,0.1830365115857883
11236,32.727008,-117.115101,54.31557465,270.0,9.0,7.035,2.3423289988644163,0.332953660108659
11252,28.01514,-80.53518,2.308630466,180.0,20.0,36.9,4.742031459235502,0.1285103376486586
11257,40.6789,-74.57039,78.6195755,225.0,27.0,14.625,2.961618955785437,0.20250386022464528
11264,36.358928,-119.24027,0.0,135.0,1.0,9.38,2.467941010848861,0.26310671757450543
11265,37.281402,-122.003481,0.0,180.0,19.0,4.095,1.3043465415037967,0.31852174395697114
11270,40.963959,-74.61414,0.0,135.0,30.0,12.21,2.5233587381205465,0.20666328731536004
11288,39.912421,-105.3744,2531.53833,135.0,18.0,11.4,3.667373140158169,0.3216993982594885
11290,37.942615,-121.732799,35.00062561,180.0,30.0,8.45,1.9056061922432637,0.225515525709262
11293,41.086069,-112.06279,1303.181274,180.0,20.0,9.024,3.140087922110837,0.3479707360495165
11319,33.746953,-112.328169,427.4075012,180.0,25.0,10.065,2.699622050898457,0.2682187830003435
11324,43.143143,-71.676598,146.0596161,180.0,36.0,16.64,4.424052439020061,0.2658685359988017
11463,32.385588,-111.05582,741.5146484,225.0,18.0,10.2,3.086962217256592,0.30264335463299924
11465,39.720955,-121.81888,0.0,180.0,1.0,3.77,1.642325126106219,0.43563000692472653
11466,37.932123,-121.70381,0.0,135.0,18.0,7.56,2.178714779464327,0.2881897856434295
11470,33.15023,-96.11289,0.0,180.0,9.5,19.2,4.6751843204860615,0.24349918335864904
11473,37.451688,-122.18385,23.15234184,135.0,27.0,6.6,1.5611107521640635,0.23653193214607024
11476,37.213624,-121.85671,0.0,90.0,18.0,6.48,1.3030885087206205,0.2010939056667624
11479,42.412094,-72.10443,0.0,180.0,30.0,5.6,0.8857988067977441,0.15817835835674005
11484,33.195354,-117.28232,0.0,0.0,15.0,3.9,1.6078986544471428,0.41228170626849814
11485,39.535285,-87.35222,148.8011169,180.0,35.0,7.5,2.5113213072192386,0.33484284096256517
11487,34.606146,-118.18495,820.3540649,270.0,1.0,3.696,1.141304099623769,0.30879439924885527
11490,40.032664,-76.27575,0.0,180.0,22.0,2.96,0.8927983076063212,0.3016210498670004
11498,42.457201,-71.37478,0.0,225.0,33.0,4.655,0.970869108934111,0.20856479246704854
11500,32.84681,-116.98983,101.5931168,225.0,0.0,5.775,2.0518033427657323,0.3552906221239363
11501,42.457201,-71.37478,0.0,90.0,1.0,3.7,0.9050645452036534,0.24461203924423064
11504,33.097841,-117.26744,0.0,90.0,1.0,10.075,2.988755895331954,0.29665070921408976
11506,33.708618,-117.95629,9.974445343,225.0,1.0,6.9,2.285420353103135,0.3312203410294398
11508,42.457201,-71.37478,38.37024689,180.0,45.0,9.36,1.498462570510012,0.1600921549690184
11510,33.024721,-96.74038,0.0,180.0,21.0,10.5,2.7504176768270874,0.2619445406501988
11512,40.515645,-74.85319,0.0,225.0,30.0,12.35,3.0893387680996964,0.2501488881052386
11516,42.659936,-70.61727,0.0,180.0,12.0,4.32,1.114469949520527,0.25797915498160345
11517,32.914346,-117.14116,135.003006,270.0,20.0,7.98,2.570355545698017,0.3220996924433605
11519,32.803799,-117.13595,0.0,270.0,1.0,6.7,2.217075550919099,0.3309067986446417
11528,37.998912,-122.11501,0.0,180.0,1.0,5.61,1.8625472497279432,0.3320048573490095
11529,35.295331,-106.645081,1639.156494,180.0,15.0,5.0,1.5444687563410384,0.3088937512682077
11530,38.768829,-121.33629,0.0,0.0,1.0,10.065,3.01141869422404,0.29919708834814107
11536,33.022384,-117.10694,0.0,135.0,18.0,8.64,3.1450646758700267,0.3640121152627345
11537,32.918035,-117.08438,0.0,135.0,1.0,5.25,1.586737901274892,0.302235790719027
11539,34.478797,-118.65255,486.8535767,135.0,20.0,5.61,2.256116729759474,0.4021598448769116
11542,39.539556,-105.009739,0.0,180.0,0.0,8.91,1.2135249390284417,0.13619808518837728
11551,33.739571,-117.78618,0.0,225.0,30.0,8.25,2.8210438804114784,0.3419447127771489
11552,33.240926,-117.29851,0.0,270.0,22.0,7.15,1.986665111253151,0.27785526031512603
11553,33.639994,-117.60351,0.0,225.0,21.0,9.24,2.639264819824983,0.2856347207602795
11555,38.588301,-88.03692,0.0,180.0,32.0,38.88,10.935006910381517,0.28125017773615013
11557,33.570763,-117.63463,0.0,0.0,1.0,12.9,2.3933113723505737,0.18552801336050959
11561,34.176238,-118.61992,0.0,180.0,18.0,6.93,2.3648146119301785,0.34124308974461454
11562,37.256743,-121.92312,0.0,90.0,20.0,4.7,1.2445821803175263,0.26480471921649495
11573,33.571185,-117.15362,413.0900879,180.0,1.0,5.28,1.932900019884594,0.366079549220567
11576,42.457201,-71.37478,38.37024689,225.0,1.0,9.0,1.4814613942897066,0.16460682158774517
11581,47.808816,-122.28394,0.0,180.0,19.0,11.59,2.132610534682094,0.18400436019690197
11582,38.590652,-90.35168,162.9224243,90.0,20.0,6.24,1.4509606495322531,0.23252574511734825
11587,42.457201,-71.37478,38.37024689,225.0,43.0,8.215,1.3991724220902295,0.17031922362632132
11590,32.961014,-117.1251,0.0,225.0,1.0,4.48,1.4653357864021221,0.3270838808933308
11596,36.04347,-85.094842,585.9217529,180.0,26.5,4.998,1.240982814258724,0.2482958812042265
11597,37.137595,-121.66211,0.0,225.0,25.0,4.86,1.6958131651675274,0.34893275003447066
11601,32.500532,-99.69803,508.8392334,180.0,23.0,8.4,2.1871552725894525,0.2603756276892205
11603,35.39068,-119.18583,0.0,225.0,18.0,6.48,2.3418798438398083,0.36140121046910617
11607,40.343261,-76.7808,164.7151337,225.0,28.0,8.55,1.681957849416936,0.19672021630607436
11608,34.033564,-117.03776,818.6390991,45.0,1.0,8.1,2.121406870217251,0.2619020827428705
11611,32.961014,-117.1251,0.0,135.0,1.0,6.84,2.4680943679521206,0.36083250993452054
11612,42.457201,-71.37478,0.0,180.0,26.0,5.76,1.406412833901701,0.24416889477460088
11614,38.95211,-77.02097,59.87371445,180.0,15.0,3.75,0.9023876470019815,0.24063670586719507
11618,33.751418,-117.99392,10.19723988,180.0,18.0,3.5,0.9860932382213241,0.2817409252060926
11619,38.95211,-77.02097,0.0,180.0,5.0,5.525,1.3590515314875438,0.2459821776448043
11620,32.662563,-116.95413,0.0,270.0,18.0,5.44,1.8790318728327005,0.3454102707413052
11623,37.951672,-122.07317,15.62925816,270.0,22.5,9.24,2.6494699663947285,0.28673917385224335
11626,37.932123,-121.70381,0.0,0.0,1.0,26.0,7.121247660170388,0.27389414077578417
11632,33.50835,-112.40523,0.0,0.0,1.0,12.19,3.9034755544665813,0.3202194876510731
11633,38.460594,-122.6422,111.9817963,225.0,45.0,11.97,3.371393999925948,0.28165363407902655
11635,44.989065,-93.10666,0.0,180.0,39.8,9.9,2.636967352358078,0.26636033862202807
11644,32.973645,-117.03701,162.7724609,135.0,1.0,11.385,3.5540797291304704,0.31217213255427934
11647,33.179587,-117.24461,0.0,180.0,17.0,3.84,1.0832811129806506,0.28210445650537774
11648,40.411102,-74.23767,0.0,180.0,22.5,41.83,10.482380062284607,0.25059478991835066
11651,37.951672,-122.07317,0.0,270.0,18.0,6.3,1.1567474972057448,0.18361071384218172
11652,33.097841,-117.26744,0.0,135.0,15.0,7.14,2.9466521635669793,0.4126963814519579
11656,37.951672,-122.07317,0.0,180.0,18.0,7.5,1.9395788518707853,0.2586105135827714
11660,38.808884,-90.85922,198.1597137,225.0,30.0,19.5,4.744602238525586,0.24331293530900444
11670,37.295092,-121.89649,0.0,180.0,17.0,6.72,1.9477892519510138,0.289849591064139
11673,38.977362,-77.34658,0.0,225.0,31.0,9.49,1.6490350996645051,0.1737655531785569
11675,37.722279,-122.15702,0.0,135.0,17.0,8.05,2.1953985055441168,0.27272031124771634
11678,32.961014,-117.1251,0.0,180.0,11.0,4.25,1.1765147195221277,0.2768269928287359
11681,43.899664,-91.22963,0.0,225.0,27.0,5.6,1.3340345700095813,0.23822045893028237
11682,37.213624,-121.85671,84.60569763,270.0,20.0,4.95,1.3543528357213197,0.27360663347905445
11688,41.132367,-73.78922,0.0,225.0,28.0,14.4,3.6144355637386005,0.2510024697040695
11691,38.768829,-121.33629,38.27200699,180.0,20.0,11.55,2.448359549264593,0.2119791817545102
11692,32.788736,-116.90487,0.0,180.0,25.0,4.41,1.6340474974655497,0.37053231235046474
11694,37.270543,-122.02305,125.7341232,135.0,8.0,12.075,2.4001958418108265,0.1987739827586606
11696,37.270543,-122.02305,0.0,135.0,24.0,7.975,2.201203000057883,0.2760129153677596
11701,37.714179,-121.92567,0.0,180.0,17.0,7.56,2.583400098527682,0.3417195897523389
11705,42.457201,-71.37478,0.0,180.0,25.0,6.0,1.3706852504152893,0.22844754173588155
11707,37.527237,-121.9679,0.0,225.0,18.0,6.37,2.013272370951653,0.31605531726085606
11710,39.440152,-84.22175,234.6027832,180.0,1.0,3.5,0.8245292217027274,0.23557977762935067
11715,32.7991,-116.97334,128.4884338,225.0,20.0,8.04,2.966729169947643,0.36899616541637353
11718,47.68382,-122.30122,0.0,180.0,12.9,5.0,1.0794443393600102,0.21588886787200204
11722,37.932123,-121.70381,0.0,0.0,1.0,10.53,3.59231837646268,0.34115084296891546
11728,33.673468,-118.00243,0.0,180.0,1.0,5.28,2.031078100035728,0.3846738825825242
11729,45.081266,-93.01146,0.0,225.0,17.5,11.96,2.3080393104080654,0.19297987545217937
11735,37.562218,-121.99433,18.64838982,90.0,1.0,8.96,2.4440070772509506,0.272768647014615
11738,37.39324,-121.96066,0.0,135.0,18.0,8.05,2.2075700851493782,0.27423230871420845
11740,36.106698,-79.145508,0.0,180.0,14.0,2.16,0.7014914846849019,0.3247645762430101
11744,40.759156,-82.51118,0.0,180.0,46.0,5.208,0.4120555158983312,0.07911972271473333
11745,37.515014,-121.92916,42.90515137,225.0,20.0,5.76,1.721170971864182,0.29881440483753163
11749,32.961014,-117.1251,0.0,225.0,37.0,6.365,2.2598287093752227,0.3550398600746619
11750,38.484747,-121.4024,0.0,225.0,18.0,8.28,2.7383842749371463,0.33072273851897904
11751,32.946776,-117.21918,60.7910614,225.0,20.0,4.41,1.4472127902072955,0.3281661655798856
11752,33.828366,-118.18235,0.0,180.0,14.0,3.64,1.1843856652250884,0.32538067725963965
11754,38.460594,-122.6422,0.0,225.0,22.0,3.84,1.1484778193478729,0.29908276545517526
11758,37.551586,-122.32773,0.0,225.0,28.0,6.3,2.110265222615678,0.3349627337485203
11767,37.213624,-121.85671,84.60569763,90.0,16.0,10.296,3.5420686260995344,0.3440237593336766
11770,39.535285,-87.35222,0.0,0.0,35.0,9.9,3.908443911837233,0.3947923143269932
11771,33.097841,-117.26744,0.0,225.0,13.0,6.7,2.1368181888711377,0.3189280878912146
11777,38.797424,-77.39237,104.1178818,180.0,40.0,13.3,2.331359535658853,0.17529019065104157
11779,32.973645,-117.03701,162.7724609,225.0,30.0,5.88,1.9683751969980467,0.33475768656429367
11780,42.412094,-72.10443,0.0,180.0,35.0,3.5,0.5598601499359168,0.1599600428388334
11781,38.768829,-121.33629,38.27200699,180.0,20.0,11.55,2.4483442167716705,0.21197785426594548
11782,32.918035,-117.08438,0.0,225.0,15.0,6.6,1.5981435099742956,0.24214295605671146
11792,37.270543,-122.02305,0.0,135.0,1.0,2.64,0.7663718887573598,0.29029238210506053
11795,37.436451,-121.89438,0.0,0.0,15.0,8.96,2.3308666258009967,0.2601413644867184
11798,33.097841,-117.26744,0.0,180.0,21.0,5.94,2.350954190553037,0.3957835337631375
11802,42.457201,-71.37478,38.37024689,180.0,1.0,10.2,1.835929423435162,0.17999308072893747
11803,33.053092,-117.26855,0.0,225.0,1.0,9.72,3.4223897840242676,0.35209771440578885
11810,32.953656,-117.036345,157.6535645,180.0,32.0,3.675,1.565081490576532,0.4258725144425938
11812,32.856447,-117.21143,0.0,180.0,24.0,6.1,2.229055716930227,0.3654189699885618
11814,42.457201,-71.37478,0.0,180.0,45.0,6.72,1.6223611158969948,0.24142278510371948
11817,32.918035,-117.08438,251.0433807,135.0,18.0,8.04,3.444171274478227,0.42837951175102335
11821,32.856447,-117.21143,0.0,270.0,21.0,4.96,1.6363894886877275,0.32991723562252573
11823,33.035844,-116.8513,0.0,180.0,30.0,2.5,1.6232844166627776,0.649313766665111
11824,37.68973,-121.89244,0.0,270.0,18.0,5.51,1.6307490010044918,0.29596170617141415
11831,21.284,-157.79925,61.62408829,135.0,20.0,4.7,1.5965644460219122,0.3396945629833856
11832,40.60787,-74.08991,0.0,180.0,19.0,6.867,1.4556531531127448,0.2119780330730661
11834,40.766589,-82.51869,0.0,180.0,35.0,22.5,3.223458660456597,0.14326482935362653
11835,42.457201,-71.37478,38.37024689,180.0,45.0,12.48,2.6623025325429035,0.21332552344093778
11837,37.932123,-121.70381,0.0,180.0,18.0,5.04,1.5484409096592031,0.30723033921809584
11838,32.946776,-117.21918,0.0,180.0,1.0,3.64,1.0743639957607116,0.2951549438903054
11840,37.674431,-122.08883,0.0,0.0,20.0,6.44,2.024797470993107,0.31440954518526504
11841,41.011324,-73.84152,66.45749664,180.0,1.0,11.76,2.8938371493524695,0.2460745875299719
11844,33.097841,-117.26744,0.0,225.0,9.0,4.125,1.3158156210941176,0.3189856051137255
11848,33.714889,-117.7633,62.85818863,135.0,20.0,4.96,1.687392539545686,0.3402001087793722
11857,33.022384,-117.10694,0.0,180.0,22.0,7.98,4.340603593656235,0.5439352874255934
11864,37.714179,-121.92567,0.0,135.0,1.0,3.6,1.3067643854437412,0.3629901070677059
11865,37.137595,-121.66211,0.0,225.0,1.0,5.92,2.1883067803957115,0.3696464156073837
11870,45.707153,-110.9878,0.0,180.0,38.0,4.69,0.9804859659759059,0.20905884135946817
11879,42.457201,-71.37478,0.0,225.0,45.0,4.16,0.9669471565475012,0.23243922032391853
11883,34.063645,-117.89743,0.0,180.0,16.0,12.87,3.7941597741589645,0.2948065092586608
11886,38.768829,-121.33629,38.27200699,180.0,20.0,11.55,2.4483302917672893,0.21197664863786053
11893,39.177383,-120.14607,0.0,135.0,1.0,9.3,1.8834156189333133,0.20251780848745304
11894,39.299405,-120.95144,0.0,180.0,1.0,7.0,1.296734816733189,0.18524783096188413
11897,37.65778,-121.73011,190.5894623,90.0,22.0,8.28,2.0694851859470793,0.2499378243897439
11900,36.831723,-119.83198,0.0,180.0,15.0,9.18,3.440881545201438,0.3748236977343614
11902,37.270543,-122.02305,0.0,270.0,20.0,8.45,2.097526655135974,0.24822800652496738
11906,30.818441,-93.270034,0.0,180.0,31.0,24.96,6.844889857863526,0.2742343693054297
11908,33.261748,-117.01027,0.0,180.0,1.0,7.8,2.966761012797839,0.380353975999723
11911,42.419496,-71.15635,0.0,180.0,40.0,7.3,1.2737162374889954,0.17448167636835554
11913,33.022384,-117.10694,0.0,135.0,21.0,5.355,2.0147545216951466,0.37623800591879486
11914,40.744646,-111.81123,1528.723877,180.0,20.0,6.0,1.560697746641225,0.26011629110687084
11919,32.973645,-117.03701,0.0,180.0,1.0,6.867,2.516211502398206,0.3664207808938701
11921,33.122029,-117.15605,290.0811462,180.0,1.0,3.5,2.198987446532906,0.6282821275808302
11924,37.444879,-122.26253,0.0,225.0,30.0,21.6,5.222368559154962,0.24177632218310008
11930,38.821753,-77.29293,0.0,180.0,22.0,5.4,0.9468285922453201,0.1753386281935778
11936,41.053182,-73.77672,0.0,90.0,0.0,11.315,2.5722679986545454,0.2273325672695135
11937,40.053511,-75.18858,0.0,135.0,10.0,6.75,1.0542911037012845,0.15619127462241253
11939,37.299474,-121.75446,0.0,0.0,15.0,6.6,2.104300147677942,0.31883335570877913
11943,37.702063,-122.07934,0.0,180.0,30.0,5.355,0.691338867580035,0.12910156257330252
11944,30.216108,-97.85828,236.9563904,180.0,22.6,5.2,1.3345920854086717,0.25665232411705224
11952,42.457201,-71.37478,38.37024689,180.0,45.0,6.48,1.58005600149057,0.24383580269916202
11955,32.945419,-117.126151,0.0,180.0,1.0,6.3,2.2126454400972704,0.35121356192020164
11960,33.097841,-117.26744,24.86873055,225.0,10.0,8.71,2.2525957225337385,0.25862178215083104
11964,37.295092,-121.89649,0.0,180.0,23.0,3.96,1.5002121413129674,0.3788414498265069
11967,42.457201,-71.37478,0.0,225.0,45.0,14.3,2.9933277131263223,0.20932361630254
11969,33.026742,-117.27816,0.0,225.0,20.0,6.9,2.0600936819923583,0.29856430173802295
11970,39.535285,-87.35222,148.8011169,180.0,1.0,3.6,1.0353624865544777,0.2876006907095771
11971,42.457201,-71.37478,38.37024689,180.0,1.0,4.5,1.0695801060897032,0.23768446801993404
11976,32.946776,-117.21918,0.0,135.0,23.0,6.71,1.9810671900933254,0.2952410119364121
11986,42.646942,-71.1513,0.0,225.0,10.0,12.98,1.8393158458153422,0.14170384020149016
11990,42.646942,-71.1513,0.0,135.0,40.0,7.83,1.8488602835929,0.2361251958611622
11991,37.353741,-122.08717,0.0,270.0,18.0,5.886,1.5412058434119178,0.26184265093644543
11995,30.1972,-97.82556,0.0,135.0,25.0,5.04,1.303495929465856,0.2586301447352889
12001,37.213624,-121.85671,0.0,270.0,23.0,4.32,1.1467026687868684,0.26544043258955285
12005,32.662563,-116.95413,0.0,90.0,1.0,8.25,2.902973481150208,0.3518755734727525
12012,37.69768,-122.02503,123.4736252,0.0,20.0,3.3,1.1793664386161067,0.3573837692776081
12014,37.307742,-121.99976,63.23207474,90.0,15.0,4.16,1.2126856414210574,0.29151097149544647
12017,32.914346,-117.14116,0.0,180.0,18.4,4.42,1.4287789911151572,0.32325316541066906
12019,32.914346,-117.14116,0.0,135.0,1.0,4.16,1.3033385400745405,0.3133025336717645
12023,34.122658,-118.11296,0.0,180.0,20.0,3.91,1.2111652470803727,0.30976093275712857
12024,21.459206,-158.0116,0.0,90.0,1.0,8.03,1.606822583173237,0.20010243875133712
12028,33.581533,-117.72474,0.0,135.0,20.0,5.12,1.7048708359200977,0.33298258514064405
12030,21.284,-157.79925,61.62408829,225.0,5.95,9.72,3.6080808784651928,0.3712017364676124
12032,34.001159,-84.01487,0.0,180.0,1.0,2.24,0.7215264505214507,0.32211002255421906
12035,37.213624,-121.85671,0.0,135.0,18.0,10.95,3.7419789811592765,0.3417332402885184
12039,33.828366,-118.18235,0.0,180.0,14.0,5.2,1.7140471219274933,0.32962444652451794
12040,32.961014,-117.1251,0.0,180.0,22.0,3.84,1.4934524298124265,0.3889199035969861
12043,33.195354,-117.28232,0.0,270.0,20.0,8.04,1.5124788640684055,0.18811926170005044
12051,35.797882,-78.79702,139.4195251,180.0,21.0,9.18,1.830684965866651,0.19942102024691188
12052,32.741256,-117.0951,99.52687836,225.0,10.0,10.54,3.5237269048639512,0.33431944068917946
12053,32.761801,-117.01273,0.0,225.0,16.0,6.615,2.3686108509434973,0.35806664413355965
12058,33.792687,-117.79975,0.0,225.0,17.0,6.27,2.121197743568917,0.3383090500109916
12060,33.053092,-117.26855,107.1267166,135.0,18.0,14.405,3.6296824679107735,0.25197379159394473
12061,33.975263,-118.35558,0.0,90.0,18.0,2.64,0.7538882960284999,0.2855637484956439
12064,32.973645,-117.03701,162.7724609,180.0,20.0,8.4,2.8577413965882865,0.3402073091176531
12067,41.499202,-81.55434,301.6975403,270.0,23.0,5.4,0.6827963569746968,0.12644376981012903
12068,37.316983,-121.93555,41.46556473,180.0,19.0,5.98,1.3844827545320708,0.23151885527292151
12073,33.878981,-117.89325,0.0,225.0,1.0,5.2,1.8453320363972605,0.35487154546101163
12078,37.551586,-122.32773,0.0,225.0,18.0,5.985,1.9751147685490527,0.3300108218127072
12082,42.457201,-71.37478,0.0,180.0,45.0,4.9,0.8483052912372384,0.1731235288239262
12083,33.022384,-117.10694,0.0,180.0,1.0,5.355,2.0034660260980823,0.37412997686238697
12084,37.289642,-121.98311,0.0,180.0,22.0,3.84,1.3027658681891787,0.339261944840932
12085,34.265003,-118.77177,0.0,180.0,20.0,3.64,1.1828057656057824,0.3249466389026875
12087,42.457201,-71.37478,0.0,180.0,18.5,9.912,2.273682686693512,0.22938687315309844
12089,41.725288,-93.60475,0.0,225.0,30.0,12.2,2.927891642000989,0.23999111819680238
12090,40.090453,-105.262978,0.0,90.0,30.0,5.67,1.614968967139761,0.2848269783315275
12095,32.961014,-117.1251,0.0,180.0,1.0,9.68,3.4755822495707256,0.35904775305482706
12098,39.95645,-86.00872,251.470047,180.0,16.0,9.28,1.353542405046923,0.14585586261281497
12099,32.873849,-116.90477,129.0788422,45.0,30.0,11.44,3.256095224216165,0.28462370841050394
12134,37.137595,-121.66211,107.4387894,135.0,18.4,7.54,2.1485148165461663,0.28494891466129524
12141,38.999759,-77.10185,92.503685,90.0,1.0,10.175,2.2832866607548787,0.22440163742062688
12184,32.742892,-117.12774,103.8360977,225.0,1.0,14.4,1.2911651279849663,0.08966424499895599
12221,40.11597,-74.32251,49.5624733,180.0,36.0,8.0,2.698411478288118,0.33730143478601476
12274,37.43,-122.11,2.335531473,225.0,20.0,8.25,2.4916695516815337,0.3020205517189738
12308,32.719601,-117.16246,22.42172241,180.0,1.0,4.95,1.4589988687202233,0.2947472462061057
12325,38.951924,-76.946751,24.38163567,180.0,20.0,11.22,2.0928516101211754,0.1865286640036698
