system_id,latitude,longitude,elevation_m,azimuth,tilt
10000,44.914573,-93.162525,288.7918701,180.0,33.0
10001,39.483937,-76.301594,51.22254181,180.0,20.0
10003,40.346434,-76.423645,145.1507721,180.0,35.0
10010,45.136089,-88.010933,202.5121918,180.0,35.0
10013,37.231378,-121.874925,66.50632477,180.0,26.0
10014,37.358162,-119.679978,761.8326416,180.0,27.5
10017,40.006855,-75.802725,169.7474365,180.0,30.0
10018,37.777208,-121.955399,191.3871155,180.0,1.0
10019,39.798127,-105.226237,1803.02417,180.0,1.0
10020,33.754828,-117.769851,88.27826691,135.0,23.0
10021,40.706246,-111.85657,1340.021851,180.0,26.1
10022,33.739571,-117.78618,47.76081467,135.0,23.0
10024,30.216108,-97.85828,236.9563904,135.0,32.0
10025,43.160857,-78.68756,194.4611359,180.0,35.0
10026,40.543354,-74.3587,36.85355377,180.0,25.0
10027,38.819863,-77.05854,9.946813583,90.0,42.0
10028,19.70932,-155.096467,82.58058929,225.0,0.0
10029,40.206057,-75.66107,105.7484665,180.0,30.0
10030,42.583436,-71.0982,40.09022141,225.0,30.0
10031,39.440152,-84.22175,234.6027832,180.0,30.0
10032,33.053092,-117.26855,107.1267166,270.0,4.0
10033,33.213309,-117.21474,163.9241791,180.0,22.0
10034,42.907903,-76.301451,335.4976501,180.0,18.0
10035,37.34901,-122.262354,379.9378967,180.0,21.0
10036,39.317735,-84.24728,215.3039398,180.0,33.0
10037,39.785785,-75.17761,19.6560955,180.0,34.0
10038,44.985792,-92.96532,327.1618347,180.0,45.0
10039,35.755651,-78.77508,133.2810211,90.0,0.0
10040,42.457201,-71.37478,38.37024689,135.0,43.0
10041,34.639682,-120.4471,33.97042084,225.0,30.0
10042,40.411102,-74.23767,13.39910316,135.0,0.0
10043,40.737132,-111.86044,1318.316284,270.0,1.0
10044,38.588301,-88.03692,156.0935516,180.0,32.0
10045,40.7143,-73.55527,23.0485878,90.0,26.0
10046,41.823502,-73.773153,87.94309998,135.0,31.0
10047,40.041472,-77.197073,301.7223206,225.0,18.0
10048,39.543274,-76.59298,142.8658142,180.0,30.0
10049,40.385051,-120.597199,1257.569092,180.0,35.0
10050,34.049789,-84.38539,336.6459656,225.0,10.0
10051,19.625495,-155.01121,46.67282486,135.0,0.0
10053,45.511033,-122.794381,86.27246857,225.0,20.0
10054,42.719754,-71.08071,70.06513977,135.0,22.6
10055,34.401608,-119.310759,123.694046,180.0,0.0
10056,40.153144,-88.142158,215.8578644,180.0,34.0
10058,41.823502,-73.773165,88.03699493,135.0,31.0
10059,42.501345,-71.07132,28.54839897,180.0,40.0
10060,37.889125,-122.29371,19.32143974,180.0,21.0
10062,42.561226,-73.92528,141.1195831,180.0,1.0
10063,37.295092,-121.89649,42.72908783,225.0,0.0
10064,42.659936,-70.61727,1.32654357,180.0,12.0
10065,43.217134,-77.644367,122.8143311,180.0,14.0
10067,33.852449,-117.732192,261.3201599,135.0,22.0
10068,37.296355,-121.917905,48.4643364,180.0,16.0
10069,37.256743,-121.92312,69.19603729,270.0,20.0
10070,38.22309,-86.86155,168.7596588,180.0,22.5
10071,40.275042,-120.523978,1479.807739,180.0,33.5
10072,40.515645,-74.85319,48.90737915,180.0,24.0
10073,20.889294,-156.50497,92.2096405,180.0,0.0
10074,42.942551,-71.51993,73.63669586,180.0,23.0
10075,34.033564,-117.03776,818.6390991,180.0,15.0
10076,40.595359,-77.5774,151.9619598,180.0,40.7
10077,39.012404,-94.21156,246.6464996,180.0,35.0
10078,38.891257,-76.989082,26.1155777,225.0,15.0
10079,36.864488,-119.625961,133.1977692,180.0,24.0
10080,41.664582,-87.84378,200.9579926,180.0,0.0
10081,39.279498,-77.651917,133.2598267,180.0,37.0
10082,41.618754,-70.867667,1.819200993,225.0,16.5
10083,21.284,-157.79925,61.62408829,90.0,0.0
10085,32.714084,-97.455784,220.5956421,180.0,34.0
10086,27.091783,-82.44846,4.389044762,180.0,0.0
10087,21.2946,-157.69721,0.63196522,0.0,1.0
10088,33.081421,-96.88957,176.6570892,180.0,32.5
10089,44.726517,-92.86147,240.9161987,180.0,40.0
10090,39.131705,-77.14981,133.0422821,135.0,18.0
10092,32.216326,-110.88511,783.0465698,180.0,30.0
10093,44.444429,-73.018273,98.47660065,180.0,30.0
10094,42.318695,-71.42344,57.64004517,135.0,23.0
10095,47.55318,-122.37593,114.2790909,180.0,40.0
10096,40.49762,-105.053886,1491.451904,180.0,28.0
10098,34.232003,-118.24753,507.0137939,135.0,4.0
10099,42.196144,-71.76272,129.1191864,180.0,26.0
10100,33.841014,-118.00969,20.66749191,180.0,35.0
10101,40.742901,-73.67895,33.91693497,180.0,41.0
10102,38.88106,-76.983248,19.32886505,225.0,0.0
10103,36.04347,-85.094842,585.9217529,180.0,26.5
10104,38.684324,-121.06879,243.4949341,180.0,23.0
10105,27.966602,-80.650309,8.121357918,315.0,0.0
10106,34.290657,-118.536841,422.4050903,180.0,21.0
10107,21.406393,-157.807548,39.99716949,270.0,0.0
10108,20.813777,-156.294501,849.3543701,225.0,12.0
10109,37.057575,-122.01507,229.5130768,180.0,34.0
10110,44.018871,-88.61324,243.0860138,180.0,30.0
10111,33.639994,-117.60351,282.7453613,225.0,22.0
10112,37.198875,-121.84287,111.6747589,135.0,26.0
10113,35.05462,-106.572149,1628.475952,180.0,18.0
10114,37.35115,-120.6056,47.00376129,180.0,0.0
10116,35.078246,-106.61747,1577.90918,180.0,12.0
10117,37.856926,-122.25084,79.42542267,270.0,0.0
10118,33.179587,-117.24461,125.1211853,270.0,1.0
10119,40.503746,-111.96327,1380.822632,270.0,30.0
10120,30.811453,-93.116972,49.79487228,180.0,30.0
10121,42.862193,-73.96317,140.2158508,180.0,0.0
10122,38.819297,-89.9551,163.3718872,135.0,25.0
10123,43.127195,-77.72465,172.2808685,180.0,18.4
10124,38.839078,-90.728664,166.7183685,270.0,24.0
10125,40.719249,-73.35829,13.76091576,180.0,21.75
10126,44.101227,-123.13604,119.3731537,180.0,30.0
10128,42.189617,-71.697977,93.57968903,0.0,0.0
10129,43.006309,-73.8604,109.3825073,180.0,43.0
10131,39.885202,-104.88339,1546.370361,180.0,0.0
10132,40.759156,-82.51118,359.3208618,180.0,45.0
10133,37.886786,-122.45936,127.8818283,180.0,30.0
10134,32.80225,-117.02431,199.9881897,225.0,9.5
10135,29.87131,-81.29464,0.678874552,180.0,30.0
10137,61.598203,-149.04109,56.73322678,180.0,26.5
10138,38.901811,-76.99097,14.36303139,315.0,0.0
10139,37.811676,-121.98647,118.557518,225.0,18.0
10140,34.063769,-118.380435,42.90662003,180.0,15.0
10141,21.338055,-158.02499,10.1350174,180.0,0.0
10142,40.649202,-74.34567,39.07488251,225.0,30.0
10143,42.20532,-71.162375,56.31416321,180.0,28.0
10146,26.263669,-81.576891,6.42920208,225.0,0.0
10147,40.33371,-74.58512,28.00676537,180.0,55.0
10148,44.484038,-73.22126,62.71059036,180.0,23.0
10149,34.469945,-114.27861,301.4727173,180.0,15.0
10150,37.859936,-121.983338,229.5843201,225.0,37.0
10151,39.9656,-76.17781,162.4112854,180.0,30.0
10152,41.662281,-73.0482,243.9737091,180.0,45.0
10153,33.868412,-118.366253,31.27039528,180.0,18.0
10154,40.682393,-122.36824,0.0,225.0,26.0
10156,32.788736,-116.90487,0.0,225.0,0.0
10157,35.106396,-106.57927,0.0,225.0,20.0
10158,34.481172,-118.42821,0.0,225.0,22.5
10159,39.504706,-76.57112,0.0,180.0,30.0
10161,41.56033,-72.33795,0.0,225.0,45.0
10162,34.976173,-99.3952,0.0,180.0,25.0
10166,41.492808,-81.687576,0.0,270.0,1.0
10167,39.174164,-77.674422,0.0,225.0,37.0
10168,43.392935,-70.750133,0.0,180.0,34.0
10169,39.147128,-92.484962,0.0,180.0,35.0
10170,38.576253,-90.53117,0.0,180.0,1.0
10171,42.419496,-71.15635,0.0,135.0,0.0
10172,35.022523,-80.733357,0.0,90.0,23.0
10173,43.025217,-78.70394,0.0,225.0,0.0
10174,45.175538,-84.592867,0.0,180.0,30.0
10175,37.436451,-121.89438,0.0,225.0,20.0
10176,41.890203,-72.360679,0.0,135.0,30.0
10177,37.592184,-122.04577,0.0,180.0,18.0
10178,42.287355,-75.972045,0.0,225.0,30.0
10180,27.979114,-82.78166,0.0,180.0,18.5
10181,40.136203,-76.893352,0.0,180.0,27.0
10182,37.305714,-121.81145,0.0,225.0,30.0
10183,34.176238,-118.61992,0.0,90.0,23.0
10184,32.814636,-116.904508,0.0,180.0,0.1
10185,34.208837,-118.87348,0.0,180.0,15.0
10186,46.53932,-108.53775,0.0,180.0,1.0
10187,45.522248,-109.48875,0.0,180.0,34.0
10188,40.55051,-111.877728,0.0,180.0,26.0
10190,40.226302,-111.64439,1386.796753,225.0,30.0
10192,37.269086,-121.912547,55.06858826,225.0,18.0
10193,34.601311,-82.13111,209.6939545,180.0,19.0
10194,38.590652,-90.35168,162.9224243,135.0,23.0
10196,37.228594,-121.98396,123.9370117,0.0,18.4
10197,26.179495,-80.27183,2.772278547,180.0,22.0
10198,33.868314,-118.06754,17.06801987,180.0,30.0
10199,21.459206,-158.0116,211.8657837,225.0,0.0
10200,30.582556,-97.277096,151.7875671,180.0,30.0
10201,42.964915,-71.588423,190.1954498,225.0,34.0
10203,33.77776,-112.07945,511.4154358,180.0,1.0
10204,43.645603,-89.78104,322.0367126,180.0,45.0
10205,38.464212,-105.27973,1946.012207,180.0,35.0
10206,42.502113,-71.365424,64.8028183,225.0,1.0
10207,39.146479,-77.72798,170.8453522,180.0,15.0
10208,37.280241,-122.037668,118.5380554,180.0,8.5
10209,32.969472,-97.14486,184.1144867,180.0,40.0
10210,30.329704,-97.8751,251.3063965,225.0,1.0
10211,38.833563,-76.877743,80.96591187,180.0,30.0
10212,34.328499,-118.426913,507.7799072,270.0,22.5
10213,32.79869,-117.202986,51.08882141,180.0,18.4
10214,43.002612,-77.86458,209.3417664,180.0,45.0
10215,37.346241,-121.9846,30.01787186,270.0,18.4
10216,43.015756,-70.90192,13.45234489,225.0,40.0
10218,39.400296,-76.44639,55.99781799,135.0,40.0
10219,37.717273,-122.096292,136.0634308,225.0,22.5
10221,37.66993,-122.049627,157.7383118,180.0,20.0
10222,32.992547,-117.09434,232.6162415,225.0,22.5
10223,37.107004,-121.648935,101.3553009,225.0,1.0
10224,42.45384,-73.254,316.1411133,180.0,34.0
10225,38.628371,-121.32702,0.0,180.0,15.0
10227,33.03505,-96.80492,0.0,135.0,1.0
10228,40.529278,-105.372014,0.0,180.0,45.0
10229,38.840074,-106.148571,0.0,180.0,35.0
10230,34.396646,-118.90082,0.0,180.0,1.0
10232,33.600354,-117.864766,0.0,135.0,20.0
10233,33.844716,-117.589099,0.0,180.0,14.0
10234,33.759409,-116.32317,0.0,270.0,5.0
10236,38.89119,-78.388429,0.0,180.0,18.4
10237,33.097086,-117.1827,0.0,180.0,23.0
10238,35.60089,-82.93536,0.0,180.0,35.0
10239,34.261221,-118.31887,0.0,225.0,21.0
10242,32.918035,-117.08438,0.0,180.0,25.0
10243,43.737831,-71.604406,0.0,225.0,30.0
10244,33.024721,-96.74038,0.0,180.0,27.0
10245,38.753679,-90.535768,159.7158508,180.0,28.0
10246,30.309255,-97.899819,269.9761963,180.0,30.0
10247,47.669182,-122.183672,128.9764404,90.0,16.0
10248,48.759079,-122.43597,64.46842194,180.0,30.0
10250,33.831636,-116.462459,116.4630356,270.0,30.0
10251,34.119245,-117.8548,250.0606995,180.0,1.0
10252,21.3949,-157.74529,0.0,180.0,20.0
10253,39.013062,-84.49419,262.0551758,180.0,27.0
10254,32.744579,-117.132568,105.5882111,180.0,19.0
10255,30.09353,-95.422118,33.26309967,180.0,1.0
10256,39.745098,-122.184269,75.39565277,180.0,20.0
10257,39.044509,-76.9133,51.79932022,225.0,34.0
10258,33.794028,-118.07218,7.182063103,180.0,18.5
10259,39.381295,-77.15867,230.50914,135.0,34.0
10260,42.640813,-73.7856,63.43816757,135.0,22.5
10261,37.804064,-121.91202,246.7931061,270.0,1.0
10264,47.68382,-122.30122,72.06368256,180.0,12.9
10265,43.016012,-74.04702,299.8157959,180.0,27.0
10266,35.045886,-85.72513,309.7019653,180.0,25.0
10267,30.035208,-90.251322,1.17549435082229e-38,135.0,30.02
10268,28.295714,-82.61782,15.09505177,225.0,26.0
10269,37.533538,-122.24602,1.647629261,135.0,1.0
10270,35.101727,-106.67238,1511.841919,180.0,1.0
10271,37.895695,-122.11785,107.6015472,180.0,1.0
10272,32.856447,-117.21143,101.483963,225.0,27.0
10273,42.915904,-73.70539,44.59004974,180.0,10.0
10275,34.250459,-119.05317,210.5887756,225.0,15.0
10277,40.765378,-73.45781,46.95667267,225.0,23.0
10279,33.261748,-117.01027,508.2316284,180.0,16.0
10280,33.054671,-96.73506,207.5513306,270.0,32.0
10281,32.961014,-117.1251,175.5689545,180.0,33.0
10282,33.086868,-96.74504,218.3148651,0.0,30.0
10283,38.95211,-77.02097,59.87371445,180.0,1.0
10284,39.539556,-105.009739,1715.113281,135.0,18.5
10285,47.609222,-122.1155,54.10700989,90.0,18.0
10286,37.270543,-122.02305,125.7341232,0.0,1.0
10287,37.72374,-121.447131,21.59389496,180.0,30.0
10289,42.45644,-83.66673,274.92453,180.0,18.4
10291,32.899996,-117.20722,103.3576813,0.0,26.0
10292,37.350091,-122.03602,53.89973831,270.0,11.0
10293,35.797882,-78.79702,139.4195251,135.0,1.0
10294,45.284366,-85.023249,218.5293121,180.0,30.0
10295,37.951672,-122.07317,15.62925816,225.0,15.0
10296,34.12716,-117.20073,410.3557434,225.0,20.0
10297,42.482755,-71.313578,38.56748199,180.0,30.0
10300,47.71828,-122.19702,53.8787384,225.0,1.0
10301,37.720931,-122.44241,50.7702179,0.0,35.0
10302,37.451688,-122.18385,23.15234184,225.0,21.0
10303,40.853343,-73.20777,23.82232475,180.0,21.0
10304,32.960438,-117.166814,109.9640884,270.0,18.0
10305,37.658898,-121.87149,112.1553192,180.0,1.0
10306,30.284511,-81.47043,8.769668579,180.0,26.8
10307,40.728901,-74.26821,64.63539124,180.0,20.0
10308,32.946776,-117.21918,60.7910614,180.0,22.5
10309,37.527237,-121.9679,13.51549625,225.0,1.0
10310,36.970151,-122.042275,29.80324173,180.0,1.0
10311,39.177383,-120.14607,1960.821899,135.0,25.0
10312,42.48281,-71.313578,38.71563721,180.0,31.0
10313,37.738497,-121.447851,16.84347153,180.0,20.0
10314,38.931312,-76.65248,41.55630112,90.0,35.0
10315,32.866313,-116.965089,159.6876221,180.0,30.0
10316,33.115157,-117.298608,79.16869354,225.0,18.0
10318,30.608471,-90.92758,23.25873947,180.0,30.5
10319,38.808884,-90.85922,198.1597137,225.0,26.5
10320,30.427599,-90.41728,3.947522163,0.0,1.0
10322,38.524066,-90.2895,160.2131348,180.0,33.69
10323,47.602139,-122.136062,79.93383789,180.0,20.0
10325,35.474913,-120.676,298.7670593,0.0,1.0
10326,41.086894,-111.9271,1447.435303,180.0,30.0
10327,28.543025,-81.184531,22.75267982,225.0,28.0
10328,33.062547,-117.243477,57.66820145,135.0,33.7
10329,37.749052,-122.442405,144.8872833,180.0,20.0
10330,42.410783,-71.142445,9.627490997,135.0,1.0
10331,38.913961,-77.07179,55.01865387,225.0,16.0
10332,44.509744,-72.995228,192.5014343,180.0,40.0
10333,44.509744,-72.994756,189.8197021,0.0,40.0
10334,42.646942,-71.1513,19.25185776,135.0,1.0
10336,34.292898,-118.87134,222.0813599,180.0,26.0
10337,31.766355,-106.29828,1218.856934,135.0,1.0
10338,33.122029,-117.15605,290.0811462,225.0,26.0
10340,42.092006,-71.54474,109.1096115,225.0,1.0
10341,33.975263,-118.35558,45.67590714,180.0,24.0
10344,37.779377,-120.796405,71.87200165,180.0,18.0
10345,21.3307,-157.85913,72.22589111,180.0,0.0
10346,37.932123,-121.70381,24.3245945,180.0,20.0
10347,41.725195,-72.83032,80.49641418,180.0,37.0
10348,38.941594,-76.96369,22.63603592,180.0,1.0
10349,33.628273,-117.631338,277.8401794,180.0,18.5
10351,36.9707,-121.99086,14.86623669,270.0,18.5
10352,33.900378,-117.857657,105.0033112,180.0,18.43
10354,47.771539,-122.271029,94.28105927,180.0,26.57
10355,43.972505,-70.12291,43.96466446,225.0,30.0
10356,33.035844,-116.8513,467.0750732,180.0,26.0
10357,32.8595,-116.963952,125.4792709,180.0,18.0
10358,45.579597,-122.71137,44.41763306,180.0,43.0
10360,33.096906,-117.225168,165.1265106,225.0,18.0
10361,37.41159,-119.849546,584.0562744,225.0,38.0
10362,37.742895,-121.12546,20.03388405,180.0,1.0
10363,42.880837,-71.18252,91.41226959,180.0,42.0
10364,33.611272,-117.66681,161.0991974,225.0,15.0
10365,33.615462,-117.64093,213.5056458,90.0,30.0
10366,37.39324,-121.96066,6.409792423,90.0,23.0
10369,43.080399,-73.77038,95.4152832,135.0,40.0
10370,20.865115,-156.33158,371.39505,180.0,30.0
10371,37.299474,-121.75446,165.5743561,225.0,19.0
10372,39.020359,-77.0115,103.0412292,225.0,1.0
10373,42.169751,-122.61772,614.6245117,180.0,23.0
10374,32.973645,-117.03701,162.7724609,225.0,27.0
10375,42.496679,-71.27504,43.24970627,180.0,1.0
10376,32.945021,-117.13526,121.3897934,225.0,23.0
10377,40.697907,-82.464016,426.6678467,180.0,18.4
10378,40.6949,-73.65394,17.51904106,180.0,30.0
10379,43.026284,-78.69304,180.9289093,225.0,33.0
10380,40.38584,-111.73333,1497.346802,180.0,1.0
10381,33.828366,-118.18235,28.86846733,180.0,5.0
10383,37.380207,-122.08787,37.39385223,225.0,10.0
10384,34.231754,-119.05258,44.74777222,315.0,14.0
10385,34.265003,-118.77177,244.1563416,0.0,23.0
10386,36.182407,-94.1082,406.3269348,180.0,4.76
10387,42.836245,-71.16246,79.10372162,225.0,37.0
10388,42.196065,-71.43797,76.3049469,225.0,42.0
10391,44.752662,-92.77958,259.434021,135.0,18.4
10392,41.393852,-81.70507,278.2753906,135.0,18.4
10393,45.085643,-93.1353,279.3180847,225.0,22.6
10394,34.447959,-117.19222,923.5661621,90.0,22.6
10395,40.637152,-74.37493,43.60865402,135.0,27.0
10396,45.108581,-93.33988,263.0507202,225.0,22.6
10397,32.84681,-116.98983,101.5931168,180.0,1.0
10398,30.340111,-97.98869,265.4246216,225.0,30.3
10399,44.970887,-92.5478,302.6513977,180.0,18.4
10400,38.999759,-77.10185,92.503685,225.0,9.5
10402,36.786948,-119.82747,93.90657043,180.0,19.5
10403,39.734686,-105.01966,1586.2948,180.0,1.0
10404,33.158137,-117.32646,60.39154816,180.0,1.0
10405,41.499202,-81.55434,301.6975403,90.0,40.0
10406,41.968987,-70.80452,13.95100021,225.0,18.5
10407,36.168817,-115.363567,1033.310913,180.0,23.0
10409,39.39667,-76.965,197.6805725,180.0,1.0
10410,41.948896,-79.189557,544.0393677,180.0,35.0
10411,33.562698,-117.69941,110.2840042,225.0,19.0
10412,33.594521,-117.254781,393.4776306,180.0,17.0
10413,40.461605,-74.3474,29.7141037,180.0,35.0
10414,35.834919,-120.98093,326.0670166,45.0,20.0
10415,33.601629,-117.639943,208.2307587,180.0,22.0
10416,32.949203,-117.110144,162.4620819,135.0,34.0
10417,42.322524,-71.485813,89.1847229,225.0,25.0
10418,33.102384,-117.185253,294.6968384,180.0,22.0
10419,42.805194,-71.29878,66.7144928,135.0,40.0
10420,37.257643,-121.89072,57.04691315,180.0,22.0
10421,37.954122,-122.02506,18.79156876,180.0,10.0
10422,39.134062,-76.8579,83.85818481,180.0,21.0
10424,32.719601,-117.16246,22.42172241,180.0,0.0
10428,32.762956,-116.990114,221.3686066,180.0,23.0
10429,35.643545,-78.83486,136.568985,225.0,1.0
10430,33.888062,-117.80407,123.5699005,180.0,17.0
10431,33.181543,-117.11136,284.0408936,180.0,1.0
10432,32.675604,-97.02346,157.2574921,225.0,25.0
10433,38.622168,-120.849562,557.5874023,180.0,22.62
10434,33.071419,-117.248968,57.95639038,180.0,22.0
10435,37.562218,-121.99433,18.64838982,270.0,18.5
10436,33.714889,-117.7633,62.85818863,135.0,1.0
10439,37.43,-122.11,2.335531473,225.0,20.0
10440,37.70719,-122.06153,102.2080688,180.0,1.0
10442,33.99605,-84.47464,326.074707,180.0,27.0
10443,42.644953,-70.963074,20.3956089,135.0,32.0
10444,40.357034,-76.13741,126.5065384,180.0,40.0
10448,36.687543,-76.22905,6.747202396,225.0,20.13
10449,32.873849,-116.90477,129.0788422,180.0,23.0
10450,34.211171,-118.19776,439.745575,315.0,14.0
10451,40.99904,-74.03291,15.31367016,135.0,1.0
10452,32.976054,-96.696818,191.2928009,180.0,4.0
10453,39.278295,-84.33049,246.7323456,180.0,30.0
10455,44.978518,-92.71996,273.9987793,90.0,34.0
10456,33.568617,-117.25264,375.4751892,225.0,22.6
10457,39.508177,-76.18066,24.60296631,135.0,1.0
10458,40.604252,-74.44612,24.44393158,90.0,25.0
10460,43.289787,-77.79548,87.41612244,180.0,1.0
10461,35.779715,-78.904864,91.44396973,180.0,26.0
10462,41.886364,-83.69556,208.3437195,180.0,40.0
10463,32.998855,-117.07054,253.8740845,180.0,18.0
10464,45.011215,-93.15536,284.3616638,135.0,34.0
10465,45.081266,-93.01146,287.4250488,180.0,34.0
10466,32.7991,-116.97334,128.4884338,45.0,2.0
10467,37.75735,-121.95213,130.0442047,270.0,18.0
10468,39.001104,-121.09171,434.1965332,180.0,17.0
10472,33.958363,-118.11987,40.92854691,180.0,17.0
10473,34.44005,-119.75496,55.48728561,180.0,18.0
10474,32.761801,-117.01273,177.9120636,180.0,1.0
10475,33.005753,-117.082645,242.9938202,180.0,1.0
10476,33.705099,-117.721456,132.1817017,180.0,22.0
10477,37.444879,-122.26253,157.7673645,225.0,18.0
10478,43.214613,-77.70626,124.6604919,180.0,34.0
10479,38.797424,-77.39237,104.1178818,180.0,40.0
10480,37.378341,-122.02398,25.17967987,180.0,18.4
10481,38.817993,-121.2631,53.17626572,180.0,30.0
10482,37.016943,-121.56581,61.07232285,90.0,18.4
10483,34.865445,-82.02018,226.7446594,225.0,17.0
10484,37.516687,-122.29026,39.12142563,180.0,20.0
10485,33.158472,-117.197431,184.9961395,135.0,20.0
10486,28.144103,-80.718203,8.669681549,180.0,20.0
10487,33.758216,-118.36425,380.4529114,270.0,1.0
10491,41.439784,-90.428,219.0691223,180.0,39.8
10492,32.819123,-116.997464,152.6674957,270.0,15.0
10493,34.088808,-118.40612,132.243103,180.0,22.6
10494,38.768829,-121.33629,38.27200699,180.0,30.0
10495,44.999165,-93.29823,263.4954834,180.0,40.0
10496,42.949857,-73.902641,129.059967,180.0,33.0
10498,44.921982,-92.94234,309.9728088,180.0,27.0
10499,42.800191,-83.5968,296.5933533,270.0,24.0
10500,36.831723,-119.83198,102.622261,180.0,18.43
10502,35.146144,-106.70851,1560.569946,180.0,1.0
10503,41.31353,-72.69791,32.95690155,180.0,42.0
10504,37.843726,-122.24369,73.29285431,180.0,14.0
10505,37.37714,-122.12412,72.63864136,225.0,14.0
10506,36.014586,-78.907996,116.0603638,180.0,38.0
10507,42.831686,-71.66743,102.2355576,180.0,40.0
10508,42.890974,-71.203827,80.77241516,225.0,22.0
10509,42.28693,-75.972054,446.6958008,180.0,25.0
10510,35.635844,-82.55992,654.9104614,180.0,18.4
10511,33.792687,-117.79975,95.8907547,180.0,18.0
10512,37.284042,-121.82664,50.73085785,180.0,21.0
10513,41.836665,-72.56076,22.14652443,180.0,19.0
10514,35.934783,-81.54476,345.43396,135.0,32.0
10516,42.328284,-75.95021,318.7971802,180.0,33.0
10517,32.975992,-117.160806,100.657814,180.0,24.0
10518,43.153969,-93.20037,344.9197388,180.0,1.0
10519,37.316983,-121.93555,41.46556473,135.0,22.6
10520,35.956676,-79.01806,96.49390411,135.0,37.0
10521,42.790736,-70.97286,45.02536011,135.0,34.0
10523,42.365936,-83.36513,195.5959625,90.0,18.4
10524,34.276154,-118.54581,367.3594971,180.0,8.0
10525,41.398462,-73.31474,138.1438293,315.0,34.0
10526,42.439295,-71.23553,105.9509583,135.0,42.0
10527,33.998751,-117.44695,297.3831482,180.0,12.0
10528,42.683841,-71.11171,57.69936371,0.0,23.0
10529,40.68085,-73.46289,4.631625652,90.0,1.0
10531,37.213624,-121.85671,84.60569763,180.0,20.0
10532,38.766341,-77.55578,70.89499664,90.0,27.0
10534,32.854572,-117.204564,113.7942581,225.0,18.0
10535,42.488735,-83.13752,197.2435303,225.0,1.0
10536,32.741256,-117.0951,0.0,225.0,10.0
10537,32.858727,-97.08453,0.0,180.0,33.7
10538,45.53704,-122.59979,0.0,180.0,22.0
10539,29.952305,-90.12347,0.0,135.0,22.0
10540,37.714179,-121.92567,0.0,180.0,20.0
10541,36.015992,-78.95911,0.0,225.0,32.0
10545,38.7475,-77.56917,0.0,90.0,27.0
10546,33.831866,-112.06339,0.0,225.0,18.0
10551,40.451105,-74.43938,0.0,315.0,15.0
10552,32.662563,-116.95413,0.0,225.0,1.0
10553,37.515014,-121.92916,0.0,180.0,18.0
10554,32.761791,-117.146557,0.0,180.0,6.0
10555,39.688278,-105.14558,0.0,135.0,63.0
10556,42.226889,-71.22929,59.36129761,180.0,24.0
10557,33.841114,-117.750485,248.0,225.0,17.0
10559,41.053182,-73.77672,61.32685089,180.0,30.0
10563,41.314075,-111.96366,1405.427002,180.0,18.0
10564,47.751434,-117.06934,650.6710205,180.0,22.0
10566,40.689007,-112.6698,1295.244751,180.0,34.0
10567,38.676103,-121.37656,29.87323761,180.0,20.0
10569,42.181875,-87.80956,197.5973969,270.0,23.0
10571,39.0509,-77.12261,115.8744583,135.0,16.0
10572,42.985007,-77.346,183.9441833,0.0,15.0
10574,33.462927,-117.62414,127.3606873,225.0,12.0
10575,33.997139,-117.044939,765.7584229,135.0,0.1
10576,38.245844,-122.101917,15.75713825,180.0,28.5
10577,35.642771,-117.681862,699.8093262,180.0,18.0
10578,38.098221,-122.59809,28.96942711,225.0,25.0
10580,36.813456,-119.70826,109.2089233,180.0,30.0
10581,40.744646,-111.81123,1528.723877,90.0,35.0
10582,39.53636,-119.8373,1419.316895,225.0,20.0
10583,33.650813,-117.81771,38.42378998,135.0,10.0
10586,32.93302,-117.066871,223.6728516,225.0,24.0
10588,33.958464,-118.30998,60.05977631,270.0,23.0
10589,35.200467,-119.17399,88.64964294,180.0,20.0
10590,40.240558,-74.69588,21.27556229,180.0,28.0
10591,37.743381,-122.48578,78.14659119,180.0,5.0
10592,43.899664,-91.22963,221.7874908,270.0,23.0
10594,42.176401,-72.32646,0.0,135.0,20.0
10595,40.636286,-73.6374,0.0,135.0,33.0
10597,38.664824,-121.52061,0.0,225.0,1.0
10598,36.443322,-93.77474,0.0,180.0,1.0
10599,34.029112,-118.3183,46.27072525,225.0,20.0
10600,33.697268,-111.88321,619.5249023,180.0,15.0
10601,38.170372,-122.25605,16.41161346,180.0,18.0
10602,33.975267,-117.72305,223.9647369,270.0,22.6
10604,33.648871,-117.764637,61.6428299,135.0,20.0
10605,45.010632,-93.01845,293.8922119,180.0,1.0
10606,44.539036,-92.53637,316.1326294,0.0,1.0
10607,42.610306,-74.15692,287.4877625,180.0,21.0
10609,34.313088,-118.402347,428.7182617,270.0,14.0
10611,44.989065,-93.10666,264.2255554,180.0,1.0
10612,45.019315,-93.24304,274.5914307,180.0,1.0
10614,35.847788,-78.70161,100.6715317,180.0,21.0
10617,39.897287,-77.52006,304.025116,0.0,30.0
10619,40.60787,-74.08991,30.13596153,135.0,35.0
10621,40.311246,-75.594,83.00963593,225.0,16.0
10622,33.195354,-117.28232,103.2752991,180.0,16.0
10625,38.977109,-77.38527,106.1963272,180.0,18.0
10626,42.595491,-71.3544,43.08018112,180.0,1.0
10627,40.280454,-111.6491,1458.372559,180.0,1.0
10630,38.977362,-77.34658,129.8691711,180.0,33.5
10631,44.52789,-123.2791,72.13011169,270.0,17.0
10632,41.01002,-73.75158,82.27545166,225.0,22.0
10633,44.693805,-73.04099,0.0,225.0,31.0
10634,38.375397,-81.62367,0.0,225.0,25.0
10636,36.359226,-119.318343,0.0,225.0,16.0
10637,34.277648,-118.50047,0.0,180.0,19.0
10639,37.048385,-120.86983,0.0,225.0,23.0
10640,40.923748,-73.99879,0.0,90.0,20.0
10641,42.880481,-71.38205,0.0,225.0,24.0
10643,39.395387,-119.72735,0.0,135.0,20.0
10644,33.485978,-116.82004,0.0,180.0,30.0
10645,38.509569,-122.3539,0.0,180.0,26.0
10646,42.15243,-70.8205,0.0,225.0,40.0
10647,41.480881,-81.80036,0.0,270.0,27.0
10649,41.011324,-73.84152,0.0,180.0,1.0
10650,32.294508,-110.884167,0.0,225.0,20.0
10651,43.895264,-85.88157,0.0,270.0,18.5
10652,33.997179,-118.40145,9.956918716,180.0,17.0
10653,42.049312,-72.551802,45.13833618,180.0,22.0
10654,40.278086,-111.71067,1421.363525,180.0,25.0
10655,33.495343,-117.07657,366.0833435,135.0,25.0
10656,44.838001,-122.8593,112.9907913,180.0,25.0
10657,46.175479,-119.262823,277.1871948,180.0,45.0
10658,37.972423,-122.51484,2.681939363,225.0,20.0
10659,42.240033,-70.999878,18.34610176,135.0,40.0
10660,39.200035,-119.72732,1445.572876,180.0,27.0
10661,37.781875,-122.290602,4.334996223,180.0,30.0
10662,35.989303,-115.257648,801.5690918,0.0,1.0
10664,34.253866,-118.752458,284.5342407,90.0,35.0
10665,37.754403,-122.45325,232.6021118,180.0,23.0
10666,37.269343,-121.84939,48.01668549,270.0,25.0
10667,39.19298,-121.003851,880.0592041,225.0,34.0
10668,35.529895,-82.70449,689.7992554,180.0,30.0
10669,32.85788,-116.948114,115.0258942,270.0,10.0
10671,38.438161,-122.67419,67.30606079,225.0,27.0
10673,33.571185,-117.15362,413.0900879,135.0,20.0
10674,32.721632,-97.14698,174.3613434,225.0,27.0
10675,37.674431,-122.08883,28.16016006,0.0,20.0
10676,33.383801,-117.238359,250.4340515,180.0,15.0
10677,42.416247,-71.00525,3.341784716,135.0,30.0
10678,35.892359,-79.020849,85.36943817,180.0,10.0
10680,33.90213,-118.00966,43.98319244,225.0,22.0
10681,40.41836,-86.81847,201.8924103,180.0,18.0
10682,41.56105,-70.61968,2.905153275,225.0,16.0
10683,32.803799,-117.13595,122.9790573,225.0,26.0
10684,37.676995,-120.938429,33.02929688,180.0,21.0
10686,30.450122,-97.623,214.975174,315.0,28.0
10689,28.089786,-81.742042,44.01630783,135.0,20.0
10690,38.922478,-77.2566,127.741394,180.0,35.0
10692,34.256952,-118.28453,589.1504517,90.0,11.0
10693,37.892476,-122.47541,60.09486008,180.0,0.0
10694,34.164255,-118.54472,253.2916412,135.0,20.0
10695,33.873759,-117.439964,358.1047974,180.0,23.0
10696,38.299904,-90.30833,130.5682983,180.0,35.0
10697,37.322031,-121.850327,34.32526016,135.0,20.0
10699,38.996842,-77.13519,77.34028625,180.0,36.0
10703,33.764691,-117.762319,129.9826508,135.0,20.0
10705,33.170284,-117.285754,63.58420563,135.0,10.0
10707,34.384663,-118.58704,479.76474,225.0,22.0
10708,43.38382,-123.53031,88.0,180.0,22.0
10709,41.894676,-70.61999,43.04094696,225.0,23.0
10710,41.2863,-82.21935,247.1768036,180.0,25.0
10713,29.627737,-95.62444,25.20121384,180.0,20.0
10716,38.859227,-121.17565,174.8409271,90.0,42.0
10717,40.449171,-74.84979,73.7766571,180.0,40.0
10720,33.659639,-117.73948,76.33992767,225.0,24.0
10723,26.056111,-80.36373,1.483494043,270.0,18.0
10724,37.499175,-122.26655,37.24048615,225.0,16.0
10728,38.954847,-121.180598,259.3740845,225.0,15.0
10730,42.436875,-71.77333,165.1942139,180.0,35.0
10731,38.958377,-77.11425,70.58482361,225.0,25.0
10732,40.018814,-83.00894,245.341568,180.0,16.0
10733,33.542806,-112.084484,360.5365295,180.0,18.0
10734,37.551586,-122.32773,21.17772865,135.0,15.0
10735,40.693538,-73.73574,17.31574821,135.0,45.0
10738,39.379382,-75.03923,0.64348346,225.0,20.0
10742,36.857765,-119.707831,115.1024323,180.0,0.0
10744,41.116162,-74.07556,190.6907043,180.0,28.0
10747,37.226194,-121.76514,68.41919708,135.0,26.0
10749,43.572671,-116.29527,836.2974243,180.0,15.0
10753,32.937354,-117.125658,90.21492004,180.0,21.0
10754,33.034586,-80.18599,25.73914719,90.0,4.0
10756,40.460547,-79.951682,288.0899963,135.0,34.0
10757,41.99215,-88.30609,237.4832764,180.0,45.0
10758,42.278247,-71.23388,48.27561188,90.0,28.0
10759,41.475297,-81.84575,208.5317688,270.0,30.0
10760,32.897459,-96.5497,141.2517548,180.0,1.0
10762,38.951397,-121.173062,275.5755615,180.0,22.0
10764,26.110631,-80.27469,2.646705151,180.0,1.0
10767,37.554335,-122.27032,0.419999987,225.0,1.0
10770,36.785816,-108.14505,0.0,180.0,18.0
10773,40.198956,-80.54683,0.0,90.0,30.0
10774,33.673468,-118.00243,0.0,135.0,23.0
10775,34.018361,-117.85438,0.0,135.0,18.0
10777,39.567987,-78.22783,0.0,225.0,10.0
10779,33.570763,-117.63463,0.0,90.0,20.0
10780,39.178737,-77.19564,0.0,180.0,1.0
10781,29.674336,-95.48123,0.0,90.0,26.0
10782,33.941363,-117.99477,0.0,0.0,1.0
10790,39.434479,-77.81132,0.0,180.0,20.0
10791,44.499082,-68.85667,0.0,180.0,1.0
10793,42.530288,-114.47509,0.0,135.0,1.0
10794,28.656375,-81.21026,0.0,135.0,1.0
10795,39.272324,-77.77982,0.0,180.0,25.0
10796,42.558576,-71.17031,0.0,180.0,34.0
10797,33.142706,-117.03049,0.0,225.0,20.0
10800,35.311112,-82.60288,0.0,135.0,30.0
10801,39.633946,-77.73025,0.0,180.0,30.0
10802,41.667689,-70.4168,0.0,225.0,30.0
10803,41.439363,-120.58771,0.0,180.0,27.0
10804,34.153628,-118.43222,195.2886353,180.0,15.0
10806,42.451945,-71.14276,11.76059055,135.0,39.0
10808,28.425221,-81.30353,26.42727852,0.0,21.0
10809,38.96146,-76.92056,12.34430981,180.0,25.0
10811,40.439297,-111.793002,1489.422241,180.0,18.0
10814,40.990032,-74.31023,96.2301712,180.0,36.0
10815,39.535285,-87.35222,148.8011169,180.0,25.0
10816,42.069327,-87.98464,216.2291565,270.0,23.0
10817,33.581533,-117.72474,127.6264801,270.0,20.0
10819,26.200486,-98.003295,25.87424088,180.0,20.0
10821,37.289642,-121.98311,71.53981018,180.0,1.0
10822,43.666218,-116.292434,793.9783936,270.0,22.0
10823,40.042957,-75.53221,110.1309586,225.0,32.0
10824,34.142119,-79.74311,27.18987656,180.0,38.0
10825,33.167183,-117.290716,75.38074493,225.0,17.0
10826,32.249551,-110.8878,753.5637817,180.0,17.0
10827,34.706356,-86.445268,203.076416,135.0,35.0
10829,39.963322,-105.15053,1652.250977,225.0,27.0
10830,43.086439,-75.76484,122.4856186,180.0,30.0
10831,39.109988,-77.829799,209.0714264,225.0,40.0
10832,32.366724,-110.966381,816.9153442,180.0,30.0
10834,38.605355,-121.28247,30.96287346,180.0,20.0
10835,41.778888,-72.52384,70.31060791,225.0,23.0
10837,41.351421,-72.396647,32.99946976,180.0,30.0
10838,41.144661,-81.61948,302.1829224,270.0,33.0
10839,33.16156,-97.10376,191.6848145,270.0,31.0
10840,38.231364,-122.05414,2.373281479,90.0,23.0
10841,43.797116,-91.21141,200.6079865,180.0,26.0
10842,33.810848,-118.35096,24.23615837,225.0,1.0
10843,27.826864,-81.53291,40.88606644,180.0,30.0
10844,33.40992,-117.598067,62.06851959,225.0,20.0
10847,43.031491,-71.19598,55.7895813,180.0,45.0
10848,38.549256,-121.73655,16.64908218,90.0,35.0
10850,33.634821,-117.87453,45.54417038,225.0,20.0
10851,35.599177,-117.68065,713.2717896,180.0,18.0
10854,43.416335,-84.22384,195.5683441,180.0,21.0
10856,40.336508,-74.43302,31.76063919,180.0,20.0
10857,43.829382,-91.33919,201.9550323,180.0,19.0
10858,32.500532,-99.69803,508.8392334,180.0,15.0
10860,42.297643,-71.53369,92.11948395,180.0,20.0
10862,40.532354,-105.0535,1519.733032,180.0,45.0
10864,41.698718,-70.590605,28.69328308,0.0,1.0
10865,33.733916,-117.768108,55.82545853,135.0,36.0
10866,40.390216,-111.984612,1555.412354,180.0,25.0
10867,34.259052,-118.59426,302.6547241,180.0,24.0
10869,38.789165,-121.23825,74.95598602,0.0,1.0
10870,34.002333,-118.03562,156.2836761,225.0,19.0
10871,41.126476,-112.04427,1360.59729,270.0,1.0
10872,37.326341,-121.9178,33.18318558,180.0,1.0
10873,44.392443,-72.95936,97.05456543,225.0,28.0
10874,42.266805,-83.72297,268.1486511,180.0,40.0
10879,37.65778,-121.73011,190.5894623,180.0,22.0
10880,40.596977,-74.879347,72.70033264,180.0,35.0
10882,42.232807,-83.72671,249.3427887,270.0,18.0
10884,33.73297,-117.76932,54.09402847,225.0,20.0
10885,32.872027,-117.247241,115.1532211,0.0,12.0
10887,33.687407,-117.663295,279.6602783,180.0,23.0
10891,30.518975,-97.71439,234.7697296,270.0,22.0
10895,33.212203,-96.67522,182.014389,180.0,1.0
10896,38.625217,-89.912488,174.3751373,135.0,27.0
10897,37.294648,-120.47474,53.50553131,270.0,30.0
10899,34.185698,-118.38836,210.385788,180.0,33.0
10900,39.780323,-76.74785,178.9067841,135.0,18.0
10901,45.563881,-122.831485,109.1777191,225.0,43.0
10904,41.751566,-74.09475,53.95652771,180.0,45.0
10905,40.10637,-111.65408,1401.130859,270.0,33.0
10908,37.756264,-121.912452,145.8135681,135.0,25.0
10909,42.10979,-88.04917,228.0310059,225.0,42.0
10911,42.609887,-71.55722,144.9421234,180.0,36.0
10912,37.917774,-122.30426,39.22325897,0.0,26.6
10914,36.736946,-119.663985,102.3552628,180.0,22.0
10915,47.611021,-122.16858,51.58300781,180.0,30.0
10916,40.678208,-82.58207,369.7853088,180.0,35.0
10917,34.048411,-118.34015,41.12710953,180.0,1.0
10918,33.708843,-116.90948,748.8760986,135.0,21.0
10919,37.992124,-121.71328,7.643465996,225.0,22.0
10920,33.807761,-116.46473,107.2034454,180.0,25.0
10921,36.753177,-119.69703,99.6831665,180.0,18.4
10924,34.237964,-118.255984,561.43573,135.0,15.0
10929,33.828766,-118.31367,19.76005173,270.0,20.0
10931,37.149067,-122.037538,431.8733215,180.0,1.0
10932,37.904173,-121.591426,1.663255811,180.0,22.0
10936,39.849474,-86.20448,231.8958282,135.0,30.0
10937,38.481674,-89.79432,128.6225281,225.0,38.0
10938,27.772121,-82.401017,3.02911377,180.0,27.0
10940,41.843702,-89.47636,220.1128693,180.0,1.0
10942,38.860247,-77.09627,54.5343132,180.0,40.0
10943,28.101527,-81.6235,51.91642761,180.0,18.0
10946,32.638654,-117.06686,38.25269318,180.0,15.0
10947,38.743811,-121.19013,100.4325027,315.0,1.0
10951,28.491653,-81.26436,26.9255085,135.0,1.0
10952,41.893624,-87.969483,207.8708038,180.0,15.0
10954,39.453833,-104.885409,1991.817749,225.0,23.0
10956,33.786805,-84.437,294.3322144,135.0,20.0
10957,37.834724,-122.28316,11.0743494,180.0,22.5
10958,41.256129,-73.21227,98.16995239,90.0,23.0
10960,28.233671,-82.45463,24.39520645,225.0,27.0
10961,30.501272,-97.83087,287.877655,180.0,24.5
10965,42.682965,-70.84007,9.023736,180.0,1.0
10971,37.600735,-122.40135,22.8374176,225.0,23.0
10972,39.955632,-105.018792,1604.503906,180.0,1.0
10973,35.679194,-78.60246,88.77751923,0.0,30.0
10975,34.050764,-117.25327,348.822876,180.0,24.0
10977,43.824885,-70.75038,164.6963043,270.0,21.0
10978,37.369473,-121.82077,51.40732574,180.0,20.0
10979,37.865026,-122.2859,24.01389885,270.0,19.0
10980,29.681426,-82.41502,65.92708588,180.0,20.0
10982,28.076744,-82.76116,15.63630867,225.0,1.0
10984,42.642431,-83.47193,289.9978333,180.0,30.0
10986,37.75838,-122.48478,78.10027313,180.0,1.0
10991,43.571132,-116.365387,811.5775146,180.0,1.0
10992,43.735335,-72.29086,232.2063904,225.0,30.0
10996,32.979561,-117.069939,195.8531494,135.0,18.0
10997,41.212954,-73.58409,173.2147522,225.0,15.0
10998,40.561598,-111.96088,1394.142578,135.0,1.0
10999,44.934915,-93.25424,257.8556519,180.0,45.0
11000,32.794449,-117.07221,107.9978714,270.0,1.0
11002,41.001695,-74.10239,38.00658798,135.0,1.0
11003,39.261906,-77.64239,147.051178,180.0,29.0
11005,39.119917,-77.77328,170.5119019,180.0,33.0
11007,39.514738,-105.31198,2548.621826,180.0,20.0
11009,45.186232,-93.29635,267.7267761,180.0,33.0
11010,42.151526,-71.42315,68.2845993,180.0,1.0
11012,39.00035,-77.379178,94.49714661,180.0,1.0
11013,40.39159,-74.39329,8.523869514,225.0,16.0
11014,30.195424,-85.66458,10.84387398,0.0,33.0
11016,42.484545,-71.15206,32.52088928,225.0,1.0
11017,35.906016,-78.743197,127.3848953,225.0,1.0
11019,44.485577,-73.221464,63.53614044,180.0,30.0
11020,39.902851,-74.16037,17.7617569,180.0,16.0
11021,46.297139,-119.35457,177.7925568,225.0,20.0
11022,40.342227,-111.69522,1492.34729,180.0,9.46
11023,35.178543,-80.85375,204.6776886,180.0,1.0
11025,37.986418,-79.503338,453.5697021,180.0,32.0
11030,33.329994,-117.176283,0.0,135.0,25.0
11031,34.538622,-117.17729,0.0,135.0,1.0
11032,37.74873,-122.41545,0.0,180.0,25.0
11033,41.629413,-71.18724,0.0,135.0,26.0
11034,37.998912,-122.11501,0.0,180.0,1.0
11035,41.140896,-73.35178,0.0,180.0,26.0
11037,37.722279,-122.15702,0.0,135.0,17.0
11038,39.125776,-76.51863,0.0,0.0,1.0
11039,42.370837,-83.4856,0.0,180.0,30.0
11041,29.412338,-98.70484,0.0,180.0,21.0
11043,38.697238,-121.80944,0.0,90.0,1.0
11047,39.082894,-84.15319,0.0,135.0,14.0
11048,43.108241,-88.48935,0.0,180.0,30.0
11049,35.39068,-119.18583,0.0,270.0,26.6
11050,37.244426,-121.83246,0.0,180.0,18.43
11051,39.595115,-104.7485,0.0,0.0,1.0
11052,39.774341,-105.10036,0.0,225.0,10.0
11053,41.854953,-91.599775,0.0,180.0,28.0
11054,42.187862,-71.433249,0.0,180.0,0.0
11057,42.212949,-71.20735,0.0,135.0,24.0
11058,42.458785,-84.19374,0.0,180.0,31.0
11061,38.74785,-90.30258,0.0,180.0,1.0
11062,32.944359,-117.125658,0.0,225.0,23.0
11063,47.808816,-122.28394,0.0,180.0,1.0
11064,33.022051,-96.43601,0.0,180.0,15.0
11065,40.338552,-111.7162,0.0,180.0,1.0
11066,34.125147,-117.45818,0.0,180.0,25.0
11067,40.465161,-111.76279,0.0,180.0,36.0
11070,34.277681,-118.661539,0.0,135.0,1.0
11072,42.220447,-71.53418,0.0,270.0,0.0
11075,40.335398,-104.91477,0.0,90.0,1.0
11076,42.949707,-78.85923,0.0,180.0,1.0
11077,39.853813,-74.938535,0.0,135.0,32.0
11078,39.352687,-84.78591,0.0,270.0,37.0
11079,46.92275,-114.07639,0.0,270.0,27.0
11080,42.409445,-88.17822,0.0,0.0,1.0
11081,34.789884,-82.56459,0.0,225.0,35.0
11082,37.405699,-119.56754,0.0,180.0,27.0
11086,44.388556,-73.22318,47.15219498,270.0,35.0
11087,43.119815,-77.805369,177.7635803,180.0,10.0
11088,27.847802,-82.31799,17.78811455,180.0,14.0
11089,43.099648,-93.610073,369.5017395,180.0,22.0
11090,35.920341,-78.741822,160.6242828,90.0,34.0
11092,39.380857,-104.89947,1956.115112,180.0,21.0
11095,40.050109,-85.99815,238.2736664,180.0,30.0
11096,30.341557,-97.854345,185.3123016,135.0,30.0
11097,28.094144,-81.48395,32.10251236,180.0,1.0
11098,37.728417,-121.42399,23.71044159,270.0,22.0
11099,40.051051,-105.02767,1556.719849,180.0,35.0
11103,33.957957,-117.24833,521.7298584,180.0,22.0
11106,37.899882,-122.171089,282.1653748,135.0,12.0
11107,29.735832,-82.39008,57.46416855,135.0,25.0
11108,42.664042,-71.163842,46.13029861,135.0,20.0
11111,39.741385,-74.99035,49.87175369,180.0,35.0
11112,43.480704,-70.45871,37.5055542,225.0,1.0
11113,34.114558,-118.19233,201.4619904,180.0,13.0
11114,37.612173,-89.17587,217.138855,180.0,30.0
11117,29.502759,-95.08906,6.047111034,0.0,40.0
11119,32.77518,-116.935789,205.7167816,225.0,18.4
11120,42.399546,-71.12165,16.62836838,90.0,1.0
11121,42.223482,-83.63316,231.5009155,180.0,38.0
11122,35.927901,-114.972061,735.1297607,0.0,1.0
11123,47.801194,-117.59325,472.2956543,180.0,1.0
11125,36.865587,-119.75917,114.619133,180.0,1.0
11126,33.91355,-117.46052,229.0709991,90.0,1.0
11127,42.380562,-71.62665,92.37439728,180.0,22.0
11128,28.574628,-81.52946,45.29992676,135.0,1.0
11130,47.57487,-122.39392,95.78107452,180.0,1.0
11131,42.423882,-71.51086,63.25919724,180.0,37.0
11132,37.40679,-122.07461,12.25474167,225.0,8.0
11134,44.770297,-93.27302,293.3036499,180.0,17.0
11135,44.915413,-93.48443,289.8036194,180.0,41.0
11136,39.020637,-77.52276,116.0064697,135.0,25.0
11138,39.349642,-77.221369,191.4464264,180.0,23.0
11141,41.360798,-71.97281,20.6101284,225.0,42.0
11145,34.239503,-118.48224,258.4234009,180.0,23.0
11147,44.332217,-73.09254,170.2866821,180.0,30.0
11149,39.548049,-74.62171,25.30996132,180.0,5.0
11150,43.043429,-71.533071,119.7502213,135.0,25.0
11153,41.46359,-74.05975,103.9730606,180.0,26.0
11154,33.479868,-111.6935,456.3597717,180.0,18.0
11155,34.000578,-117.96943,118.1801987,45.0,27.0
11156,39.793465,-121.87946,62.21439743,315.0,1.0
11157,38.076547,-78.89839,399.9586182,225.0,13.0
11158,37.86975,-86.99535,115.7199554,180.0,1.0
11159,38.484843,-84.61017,289.4132996,180.0,30.0
11162,34.063645,-117.89743,148.1028137,225.0,1.0
11163,38.607756,-121.18367,76.65464783,180.0,18.0
11165,39.041978,-77.49064,89.22542572,0.0,36.0
11166,38.778243,-77.18562,80.17028809,180.0,23.0
11170,39.36225,-76.58812,114.0934677,180.0,1.0
11171,33.130086,-96.78177,227.2345123,180.0,1.0
11172,40.36046,-111.987317,1497.606934,135.0,24.0
11174,40.749224,-96.64566,381.9703369,180.0,32.0
11175,38.830345,-77.21387,80.80722046,180.0,40.0
11177,38.874979,-77.11455,81.4278183,180.0,10.0
11178,34.103187,-118.042869,107.5076218,180.0,26.0
11181,38.235865,-104.66972,1493.942383,135.0,20.0
11182,35.921662,-78.45805,132.3275299,180.0,1.0
11183,27.58856,-97.235047,2.296276331,180.0,0.0
11186,37.986295,-121.628992,-2.27822876,135.0,22.8
11187,43.497685,-112.07391,1440.546631,180.0,2.0
11188,26.246151,-98.229157,35.92782974,180.0,21.0
11189,32.292078,-110.84384,885.7758179,180.0,23.0
11190,27.788498,-82.1508,34.37654114,180.0,27.0
11191,40.695865,-73.809298,13.62664223,135.0,23.0
11193,38.860551,-77.64947,130.3555603,225.0,18.0
11194,40.953126,-74.03379,23.11308861,225.0,27.0
11195,33.657722,-112.17825,389.8482971,270.0,33.0
11197,41.867846,-89.219652,255.6368713,180.0,30.0
11199,40.327741,-75.87002,99.88440704,135.0,1.0
11200,38.931479,-77.40085,114.9908066,180.0,27.0
11201,33.240926,-117.29851,23.89941788,180.0,12.0
11203,37.98629,-121.628993,-2.28247571,135.0,22.8
11207,37.816876,-121.28541,4.032899857,180.0,1.0
11208,42.64857,-71.503392,72.65623474,180.0,1.0
11209,41.84036,-89.31176,238.0054016,180.0,44.0
11210,28.308979,-81.37594,26.50663757,135.0,1.0
11211,32.742892,-117.12774,103.8360977,0.0,1.0
11212,41.707118,-88.19634,207.4477081,180.0,25.0
11213,40.410213,-74.11718,14.82318687,180.0,1.0
11216,33.45053,-79.59233,10.18576145,180.0,30.0
11217,41.945681,-87.7048,180.14151,180.0,35.0
11218,41.99623,-87.81091,198.4339905,180.0,27.0
11220,26.246103,-98.228889,35.97434998,180.0,21.0
11221,45.327429,-94.99921,377.272583,180.0,19.0
11222,33.529314,-112.30607,318.4114075,270.0,20.0
11225,42.3697,-71.30259,66.84721375,135.0,30.0
11226,36.805717,-76.27126,5.667555809,180.0,26.0
11227,61.600984,-149.168372,99.42540741,180.0,90.0
11229,34.558425,-112.527871,1811.194214,180.0,15.0
11230,39.138978,-77.54519,79.80809021,180.0,34.0
11231,36.657266,-119.59309,104.5892487,225.0,1.0
11234,26.150863,-80.27284,2.259013653,180.0,1.0
11236,32.727008,-117.115101,54.31557465,270.0,9.0
11242,26.05479,-80.31581,1.810930729,180.0,1.0
11243,39.104509,-76.99374,157.3240662,180.0,1.0
11248,37.29222,-121.881711,43.47161865,270.0,22.0
11249,44.541902,-73.19659,63.72081375,180.0,40.0
11250,44.129002,-73.05258,184.0748138,0.0,45.0
11252,28.01514,-80.53518,2.308630466,180.0,20.0
11254,37.574936,-122.36332,28.76870155,270.0,20.0
11257,40.6789,-74.57039,78.6195755,225.0,27.0
11259,42.034776,-88.32393,247.5655212,135.0,1.0
11264,36.358928,-119.24027,0.0,135.0,1.0
11265,37.281402,-122.003481,0.0,180.0,19.0
11266,39.229652,-77.1594,0.0,180.0,25.0
11267,34.182875,-118.76893,0.0,225.0,1.0
11270,40.963959,-74.61414,0.0,135.0,30.0
11276,40.154464,-104.94367,0.0,180.0,28.0
11285,40.156035,-105.17365,1544.630371,90.0,1.0
11287,33.340644,-117.222401,185.6599426,180.0,18.0
11288,39.912421,-105.3744,2531.53833,135.0,18.0
11290,37.942615,-121.732799,35.00062561,180.0,30.0
11293,41.086069,-112.06279,1303.181274,180.0,20.0
11296,38.891134,-89.407156,177.1451111,180.0,1.0
11299,35.571827,-80.89228,254.9497681,180.0,35.0
11301,36.327063,-119.6451,72.0,180.0,22.0
11304,46.588803,-112.04193,1261.843628,270.0,1.0
11306,38.918435,-77.9255,139.4844666,180.0,1.0
11309,43.305412,-87.99794,256.6683044,180.0,20.0
11317,30.150405,-94.41515,22.69873047,180.0,1.0
11319,33.746953,-112.328169,427.4075012,180.0,25.0
11324,43.143143,-71.676598,146.0596161,180.0,36.0
11334,41.028119,-73.976691,23.52513123,180.0,40.0
11460,40.434239,-74.40504,26.82488632,0.0,35.0
11463,32.385588,-111.05582,741.5146484,225.0,18.0
11465,39.720955,-121.81888,0.0,180.0,1.0
11466,37.932123,-121.70381,0.0,135.0,18.0
11468,33.053092,-117.26855,0.0,225.0,30.0
11469,33.708843,-116.90948,0.0,270.0,27.0
11470,33.15023,-96.11289,0.0,180.0,9.5
11473,37.451688,-122.18385,23.15234184,135.0,27.0
11476,37.213624,-121.85671,0.0,90.0,18.0
11479,42.412094,-72.10443,0.0,180.0,30.0
11482,43.151183,-88.11034,0.0,180.0,20.0
11484,33.195354,-117.28232,0.0,0.0,15.0
11485,39.535285,-87.35222,148.8011169,180.0,35.0
11487,34.606146,-118.18495,820.3540649,270.0,1.0
11489,42.10979,-88.04917,0.0,135.0,18.0
11490,40.032664,-76.27575,0.0,180.0,22.0
11498,42.457201,-71.37478,0.0,225.0,33.0
11500,32.84681,-116.98983,101.5931168,225.0,0.0
11501,42.457201,-71.37478,0.0,90.0,1.0
11502,32.946776,-117.21918,0.0,135.0,20.0
11504,33.097841,-117.26744,0.0,90.0,1.0
11506,33.708618,-117.95629,9.974445343,225.0,1.0
11508,42.457201,-71.37478,38.37024689,180.0,45.0
11510,33.024721,-96.74038,0.0,180.0,21.0
11511,35.045886,-85.72513,0.0,180.0,25.0
11512,40.515645,-74.85319,0.0,225.0,30.0
11515,33.181543,-117.11136,0.0,315.0,14.0
11516,42.659936,-70.61727,0.0,180.0,12.0
11517,32.914346,-117.14116,135.003006,270.0,20.0
11518,33.77776,-112.07945,0.0,270.0,22.0
11519,32.803799,-117.13595,0.0,270.0,1.0
11528,37.998912,-122.11501,0.0,180.0,1.0
11529,35.295331,-106.645081,1639.156494,180.0,15.0
11530,38.768829,-121.33629,0.0,0.0,1.0
11535,35.045886,-85.72513,0.0,180.0,35.0
11536,33.022384,-117.10694,0.0,135.0,18.0
11537,32.918035,-117.08438,0.0,135.0,1.0
11539,34.478797,-118.65255,486.8535767,135.0,20.0
11542,39.539556,-105.009739,0.0,180.0,0.0
11543,37.317909,-122.04779,0.0,225.0,10.0
11549,42.048879,-87.7175,0.0,180.0,17.0
11551,33.739571,-117.78618,0.0,225.0,30.0
11552,33.240926,-117.29851,0.0,270.0,22.0
11553,33.639994,-117.60351,0.0,225.0,21.0
11554,38.922478,-77.2566,127.741394,90.0,20.0
11555,38.588301,-88.03692,0.0,180.0,32.0
11557,33.570763,-117.63463,0.0,0.0,1.0
11560,21.318907,-157.79869,105.6938477,135.0,15.0
11561,34.176238,-118.61992,0.0,180.0,18.0
11562,37.256743,-121.92312,0.0,90.0,20.0
11571,35.045886,-85.72513,0.0,180.0,35.0
11573,33.571185,-117.15362,413.0900879,180.0,1.0
11576,42.457201,-71.37478,38.37024689,225.0,1.0
11581,47.808816,-122.28394,0.0,180.0,19.0
11582,38.590652,-90.35168,162.9224243,90.0,20.0
11587,42.457201,-71.37478,38.37024689,225.0,43.0
11589,39.470603,-76.81417,0.0,180.0,1.0
11590,32.961014,-117.1251,0.0,225.0,1.0
11596,36.04347,-85.094842,585.9217529,180.0,26.5
11597,37.137595,-121.66211,0.0,225.0,25.0
11601,32.500532,-99.69803,508.8392334,180.0,23.0
11603,35.39068,-119.18583,0.0,225.0,18.0
11607,40.343261,-76.7808,164.7151337,225.0,28.0
11608,34.033564,-117.03776,818.6390991,45.0,1.0
11611,32.961014,-117.1251,0.0,135.0,1.0
11612,42.457201,-71.37478,0.0,180.0,26.0
11614,38.95211,-77.02097,59.87371445,180.0,15.0
11618,33.751418,-117.99392,10.19723988,180.0,18.0
11619,38.95211,-77.02097,0.0,180.0,5.0
11620,32.662563,-116.95413,0.0,270.0,18.0
11623,37.951672,-122.07317,15.62925816,270.0,22.5
11625,41.378051,-81.77945,0.0,90.0,22.0
11626,37.932123,-121.70381,0.0,0.0,1.0
11627,29.760833,-95.81104,0.0,135.0,1.0
11628,37.571581,-122.0509,5.835670471,225.0,1.0
11632,33.50835,-112.40523,0.0,0.0,1.0
11633,38.460594,-122.6422,111.9817963,225.0,45.0
11634,21.459206,-158.0116,211.8657837,180.0,30.0
11635,44.989065,-93.10666,0.0,180.0,39.8
11636,32.84681,-116.98983,0.0,225.0,1.0
11643,47.58577,-122.30081,0.0,90.0,18.0
11644,32.973645,-117.03701,162.7724609,135.0,1.0
11647,33.179587,-117.24461,0.0,180.0,17.0
11648,40.411102,-74.23767,0.0,180.0,22.5
11650,33.639227,-117.58518,0.0,0.0,18.0
11651,37.951672,-122.07317,0.0,270.0,18.0
11652,33.097841,-117.26744,0.0,135.0,15.0
11656,37.951672,-122.07317,0.0,180.0,18.0
11660,38.808884,-90.85922,198.1597137,225.0,30.0
11666,38.421068,-121.36059,0.0,180.0,1.0
11670,37.295092,-121.89649,0.0,180.0,17.0
11673,38.977362,-77.34658,0.0,225.0,31.0
11675,37.722279,-122.15702,0.0,135.0,17.0
11678,32.961014,-117.1251,0.0,180.0,11.0
11680,32.961014,-117.1251,0.0,225.0,22.5
11681,43.899664,-91.22963,0.0,225.0,27.0
11682,37.213624,-121.85671,84.60569763,270.0,20.0
11687,33.615462,-117.64093,0.0,225.0,1.0
11688,41.132367,-73.78922,0.0,225.0,28.0
11691,38.768829,-121.33629,38.27200699,180.0,20.0
11692,32.788736,-116.90487,0.0,180.0,25.0
11694,37.270543,-122.02305,125.7341232,135.0,8.0
11696,37.270543,-122.02305,0.0,135.0,24.0
11697,33.053092,-117.26855,0.0,180.0,22.0
11699,37.895695,-122.11785,0.0,225.0,1.0
11701,37.714179,-121.92567,0.0,180.0,17.0
11705,42.457201,-71.37478,0.0,180.0,25.0
11707,37.527237,-121.9679,0.0,225.0,18.0
11710,39.440152,-84.22175,234.6027832,180.0,1.0
11714,37.714179,-121.92567,0.0,0.0,17.0
11715,32.7991,-116.97334,128.4884338,225.0,20.0
11718,47.68382,-122.30122,0.0,180.0,12.9
11721,38.588301,-88.03692,156.0935516,180.0,33.0
11722,37.932123,-121.70381,0.0,0.0,1.0
11723,43.797116,-91.21141,200.6079865,180.0,22.0
11728,33.673468,-118.00243,0.0,180.0,1.0
11729,45.081266,-93.01146,0.0,225.0,17.5
11734,37.65778,-121.73011,0.0,180.0,20.0
11735,37.562218,-121.99433,18.64838982,90.0,1.0
11738,37.39324,-121.96066,0.0,135.0,18.0
11739,45.054551,-92.82581,0.0,180.0,27.0
11740,36.106698,-79.145508,0.0,180.0,14.0
11741,42.904258,-78.65519,0.0,270.0,1.0
11744,40.759156,-82.51118,0.0,180.0,46.0
11745,37.515014,-121.92916,42.90515137,225.0,20.0
11747,43.087613,-77.6352,161.1211548,135.0,22.0
11749,32.961014,-117.1251,0.0,225.0,37.0
11750,38.484747,-121.4024,0.0,225.0,18.0
11751,32.946776,-117.21918,60.7910614,225.0,20.0
11752,33.828366,-118.18235,0.0,180.0,14.0
11754,38.460594,-122.6422,0.0,225.0,22.0
11756,40.278086,-111.71067,0.0,180.0,1.0
11758,37.551586,-122.32773,0.0,225.0,28.0
11761,40.728901,-74.26821,64.63539124,135.0,22.0
11762,40.843012,-111.90581,0.0,180.0,32.0
11763,42.452895,-71.21619,0.0,180.0,1.0
11767,37.213624,-121.85671,84.60569763,90.0,16.0
11769,35.045886,-85.72513,309.7019653,0.0,1.0
11770,39.535285,-87.35222,0.0,0.0,35.0
11771,33.097841,-117.26744,0.0,225.0,13.0
11772,40.864757,-73.62609,0.0,180.0,10.0
11776,33.762117,-117.81828,52.36887741,225.0,19.0
11777,38.797424,-77.39237,104.1178818,180.0,40.0
11779,32.973645,-117.03701,162.7724609,225.0,30.0
11780,42.412094,-72.10443,0.0,180.0,35.0
11781,38.768829,-121.33629,38.27200699,180.0,20.0
11782,32.918035,-117.08438,0.0,225.0,15.0
11785,33.692876,-117.25038,476.3545227,225.0,23.0
11787,37.804064,-121.91202,0.0,135.0,15.0
11788,44.641974,-73.13469,0.0,90.0,1.0
11792,37.270543,-122.02305,0.0,135.0,1.0
11795,37.436451,-121.89438,0.0,0.0,15.0
11797,37.37714,-122.12412,0.0,180.0,18.0
11798,33.097841,-117.26744,0.0,180.0,21.0
11800,29.643479,-98.429473,319.7044678,180.0,34.0
11802,42.457201,-71.37478,38.37024689,180.0,1.0
11803,33.053092,-117.26855,0.0,225.0,1.0
11810,32.953656,-117.036345,157.6535645,180.0,32.0
11812,32.856447,-117.21143,0.0,180.0,24.0
11814,42.457201,-71.37478,0.0,180.0,45.0
11817,32.918035,-117.08438,251.0433807,135.0,18.0
11821,32.856447,-117.21143,0.0,270.0,21.0
11822,39.647598,-74.95927,0.0,225.0,35.0
11823,33.035844,-116.8513,0.0,180.0,30.0
11824,37.68973,-121.89244,0.0,270.0,18.0
11827,37.228594,-121.98396,0.0,90.0,27.0
11831,21.284,-157.79925,61.62408829,135.0,20.0
11832,40.60787,-74.08991,0.0,180.0,19.0
11834,40.766589,-82.51869,0.0,180.0,35.0
11835,42.457201,-71.37478,38.37024689,180.0,45.0
11837,37.932123,-121.70381,0.0,180.0,18.0
11838,32.946776,-117.21918,0.0,180.0,1.0
11840,37.674431,-122.08883,0.0,0.0,20.0
11841,41.011324,-73.84152,66.45749664,180.0,1.0
11844,33.097841,-117.26744,0.0,225.0,9.0
11848,33.714889,-117.7633,62.85818863,135.0,20.0
11853,45.019315,-93.24304,0.0,180.0,39.0
11857,33.022384,-117.10694,0.0,180.0,22.0
11864,37.714179,-121.92567,0.0,135.0,1.0
11865,37.137595,-121.66211,0.0,225.0,1.0
11867,42.419496,-71.15635,19.09949684,180.0,15.0
11870,45.707153,-110.9878,0.0,180.0,38.0
11875,37.515014,-121.92916,0.0,90.0,25.0
11876,37.436451,-121.89438,0.0,135.0,18.0
11879,42.457201,-71.37478,0.0,225.0,45.0
11881,37.257643,-121.89072,0.0,225.0,1.0
11882,30.216108,-97.85828,0.0,180.0,27.0
11883,34.063645,-117.89743,0.0,180.0,16.0
11885,39.963322,-105.15053,1652.250977,225.0,27.0
11886,38.768829,-121.33629,38.27200699,180.0,20.0
11892,37.720931,-122.44241,0.0,0.0,1.0
11893,39.177383,-120.14607,0.0,135.0,1.0
11894,39.299405,-120.95144,0.0,180.0,1.0
11895,42.904258,-78.65519,0.0,225.0,1.0
11896,38.607756,-121.18367,0.0,180.0,22.26
11897,37.65778,-121.73011,190.5894623,90.0,22.0
11900,36.831723,-119.83198,0.0,180.0,15.0
11902,37.270543,-122.02305,0.0,270.0,20.0
11906,30.818441,-93.270034,0.0,180.0,31.0
11908,33.261748,-117.01027,0.0,180.0,1.0
11911,42.419496,-71.15635,0.0,180.0,40.0
11912,38.778243,-77.18562,0.0,180.0,30.0
11913,33.022384,-117.10694,0.0,135.0,21.0
11914,40.744646,-111.81123,1528.723877,180.0,20.0
11919,32.973645,-117.03701,0.0,180.0,1.0
11921,33.122029,-117.15605,290.0811462,180.0,1.0
11924,37.444879,-122.26253,0.0,225.0,30.0
11927,34.481172,-118.42821,0.0,270.0,1.0
11928,32.80225,-117.02431,0.0,0.0,1.0
11929,37.350091,-122.03602,0.0,180.0,19.0
11930,38.821753,-77.29293,0.0,180.0,22.0
11933,42.506362,-71.20008,0.0,225.0,18.0
11936,41.053182,-73.77672,0.0,90.0,0.0
11937,40.053511,-75.18858,0.0,135.0,10.0
11939,37.299474,-121.75446,0.0,0.0,15.0
11940,33.868314,-118.06754,0.0,270.0,14.0
11943,37.702063,-122.07934,0.0,180.0,30.0
11944,30.216108,-97.85828,236.9563904,180.0,22.6
11946,26.914393,-82.04106,0.0,135.0,1.0
11947,43.214613,-77.70626,124.6604919,225.0,34.0
11949,33.022384,-117.10694,0.0,225.0,17.0
11952,42.457201,-71.37478,38.37024689,180.0,45.0
11955,32.945419,-117.126151,0.0,180.0,1.0
11957,33.495343,-117.07657,0.0,225.0,23.0
11958,37.770937,-122.44276,0.0,225.0,45.0
11960,33.097841,-117.26744,24.86873055,225.0,10.0
11964,37.295092,-121.89649,0.0,180.0,23.0
11967,42.457201,-71.37478,0.0,225.0,45.0
11969,33.026742,-117.27816,0.0,225.0,20.0
11970,39.535285,-87.35222,148.8011169,180.0,1.0
11971,42.457201,-71.37478,38.37024689,180.0,1.0
11976,32.946776,-117.21918,0.0,135.0,23.0
11980,33.022384,-117.10694,181.1493378,225.0,25.0
11985,33.035844,-116.8513,0.0,270.0,1.0
11986,42.646942,-71.1513,0.0,225.0,10.0
11987,42.457201,-71.37478,0.0,225.0,1.0
11988,42.457201,-71.37478,38.37024689,135.0,1.0
11990,42.646942,-71.1513,0.0,135.0,40.0
11991,37.353741,-122.08717,0.0,270.0,18.0
11995,30.1972,-97.82556,0.0,135.0,25.0
11996,34.478797,-118.65255,486.8535767,180.0,5.0
11998,39.738752,-104.408349,0.0,180.0,24.0
12001,37.213624,-121.85671,0.0,270.0,23.0
12005,32.662563,-116.95413,0.0,90.0,1.0
12006,42.318695,-71.42344,57.64004517,135.0,32.0
12007,38.922478,-77.2566,0.0,90.0,30.0
12012,37.69768,-122.02503,123.4736252,0.0,20.0
12014,37.307742,-121.99976,63.23207474,90.0,15.0
12015,33.213309,-117.21474,0.0,180.0,20.0
12016,36.831723,-119.83198,0.0,135.0,18.0
12017,32.914346,-117.14116,0.0,180.0,18.4
12019,32.914346,-117.14116,0.0,135.0,1.0
12020,29.760833,-95.81104,0.0,135.0,1.0
12021,38.817993,-121.2631,53.17626572,225.0,1.0
12023,34.122658,-118.11296,0.0,180.0,20.0
12024,21.459206,-158.0116,0.0,90.0,1.0
12028,33.581533,-117.72474,0.0,135.0,20.0
12030,21.284,-157.79925,61.62408829,225.0,5.95
12032,34.001159,-84.01487,0.0,180.0,1.0
12035,37.213624,-121.85671,0.0,135.0,18.0
12039,33.828366,-118.18235,0.0,180.0,14.0
12040,32.961014,-117.1251,0.0,180.0,22.0
12043,33.195354,-117.28232,0.0,270.0,20.0
12046,43.797116,-91.21141,200.6079865,180.0,27.0
12048,38.860247,-77.09627,54.5343132,90.0,10.0
12051,35.797882,-78.79702,139.4195251,180.0,21.0
12052,32.741256,-117.0951,99.52687836,225.0,10.0
12053,32.761801,-117.01273,0.0,225.0,16.0
12055,45.49106,-122.80359,0.0,180.0,1.0
12058,33.792687,-117.79975,0.0,225.0,17.0
12060,33.053092,-117.26855,107.1267166,135.0,18.0
12061,33.975263,-118.35558,0.0,90.0,18.0
12062,42.457201,-71.37478,38.37024689,180.0,1.0
12064,32.973645,-117.03701,162.7724609,180.0,20.0
12067,41.499202,-81.55434,301.6975403,270.0,23.0
12068,37.316983,-121.93555,41.46556473,180.0,19.0
12072,33.022384,-117.10694,181.1493378,225.0,15.0
12073,33.878981,-117.89325,0.0,225.0,1.0
12078,37.551586,-122.32773,0.0,225.0,18.0
12082,42.457201,-71.37478,0.0,180.0,45.0
12083,33.022384,-117.10694,0.0,180.0,1.0
12084,37.289642,-121.98311,0.0,180.0,22.0
12085,34.265003,-118.77177,0.0,180.0,20.0
12087,42.457201,-71.37478,0.0,180.0,18.5
12088,37.278843,-121.95446,0.0,0.0,1.0
12089,41.725288,-93.60475,0.0,225.0,30.0
12090,40.090453,-105.262978,0.0,90.0,30.0
12091,42.457201,-71.37478,0.0,180.0,22.0
12095,32.961014,-117.1251,0.0,180.0,1.0
12098,39.95645,-86.00872,251.470047,180.0,16.0
12099,32.873849,-116.90477,129.0788422,45.0,30.0
12100,37.244426,-121.83246,51.05927277,0.0,1.0
12134,37.137595,-121.66211,107.4387894,135.0,18.4
12141,38.999759,-77.10185,92.503685,90.0,1.0
12161,42.595491,-71.3544,43.08018112,90.0,45.0
12184,32.742892,-117.12774,103.8360977,225.0,1.0
12197,44.915413,-93.48443,289.8036194,180.0,18.4
12202,33.639994,-117.60351,282.7453613,225.0,18.0
12221,40.11597,-74.32251,49.5624733,180.0,36.0
12233,38.716874,-121.3698,33.80482864,135.0,1.0
12274,37.43,-122.11,2.335531473,225.0,20.0
12280,42.452895,-71.21619,55.38303757,180.0,1.0
12294,33.022384,-117.10694,181.1493378,135.0,21.0
12308,32.719601,-117.16246,22.42172241,180.0,1.0
12325,38.951924,-76.946751,24.38163567,180.0,20.0
12333,34.209407,-118.57735,241.713028,135.0,1.0
12459,33.903803,-117.60221,163.157074,270.0,20.0
